shot_id_number,is_goal
1,0.3
8,0.2
17,0.8625
20,0.5333333333333333
22,0.2
33,0.4
34,0.7
35,0.9
36,0.3
37,0.8
38,0.4
45,0.2
50,0.2
55,0.3
60,0.0
62,0.1
66,0.5
67,0.3
71,0.3
72,0.3
76,0.2
80,0.4
85,0.3
86,0.4
87,0.5
92,0.3
95,0.9
97,0.8
104,0.3
113,0.0
122,0.8
123,0.6
126,0.5
133,0.7
134,0.5
141,0.6
144,0.5
150,0.8
152,0.1
153,0.4
156,0.9
159,0.3
165,0.8
172,0.6
182,0.725
192,0.6
193,1.0
196,0.4
202,0.6
205,0.2
210,0.2
211,0.5
228,0.16666666666666666
250,0.6
257,0.5
260,0.4
262,0.4
264,0.4
267,0.6
279,0.3
282,0.4
293,0.4
299,0.4
300,0.6
301,0.4
317,0.1
327,0.1
328,0.5
335,0.9
346,0.3
348,0.4
360,0.2
365,0.6
379,0.7
382,0.4
390,0.5
391,0.9
392,0.4
397,0.5
417,0.6
418,0.3
420,0.1
428,0.4
429,0.5
434,0.1
439,0.7
440,0.4
451,0.5
456,0.5
459,0.4
472,0.7
480,0.3
491,0.4
497,0.4
509,0.4
511,0.7
523,0.0
533,0.9
544,0.5968253968253969
546,0.1
552,0.1
555,0.8166666666666667
558,0.4
560,0.1
568,0.6
571,0.55
573,0.2
576,0.5
578,0.24166666666666664
591,0.5
596,0.5
597,0.4
601,0.6
605,0.4
617,0.1
625,0.3
628,0.7
634,0.2
646,0.6
649,0.4
651,0.6
654,0.2
656,0.7
657,0.4
661,1.0
669,0.4
670,0.8833333333333332
680,1.0
693,0.5
694,0.7
699,0.4
711,0.4
715,0.3
718,0.5
722,0.1
723,0.7
725,0.5
734,0.2
735,1.0
737,0.5
746,0.5
747,0.1
764,0.3
766,0.1
767,0.6
771,0.4
773,0.3
774,0.9
783,0.4
784,0.4
789,0.2
792,0.5
804,0.6
809,0.5
812,0.7
813,0.4
817,0.4
818,0.5
820,0.2
825,0.5
826,0.5
829,0.5
833,0.5
855,0.6
859,0.425
862,0.4
870,0.0
876,0.4
880,0.3
886,0.8428571428571427
889,0.6
891,0.6071428571428571
897,0.9
902,0.5
903,0.5
908,0.6
909,0.5
920,0.1
922,0.3
924,0.7
932,0.1
934,0.3
937,0.4
938,0.1
941,0.7
943,0.2
947,0.4
950,0.8
952,0.2
954,0.275
962,0.5128571428571429
963,0.4
975,0.5
979,0.1
981,0.4
983,0.0
985,1.0
989,0.8
995,1.0
998,0.575
1008,0.4
1019,0.7683333333333333
1023,0.4
1026,0.3
1029,0.0
1034,0.4
1036,0.1
1038,0.3
1039,0.1
1044,0.4
1049,0.4
1051,0.5
1052,0.5
1062,0.8
1064,0.3
1066,0.5
1087,0.5
1092,0.5
1094,0.4
1098,0.7
1099,0.5
1102,0.2
1103,0.6
1118,0.6
1131,0.4
1133,0.5
1135,1.0
1138,0.9
1139,0.15
1141,1.0
1142,0.3
1151,0.4
1152,0.3
1155,0.8
1157,0.3
1165,0.4
1167,0.3
1172,0.9
1174,0.7
1178,0.6
1180,1.0
1200,0.3
1202,0.5
1209,0.6
1227,0.2
1228,0.5
1229,0.3
1237,1.0
1241,0.2
1248,0.6
1256,0.7
1277,0.6
1279,0.3
1288,0.7666666666666667
1290,0.5
1293,0.42615384615384616
1295,0.2
1308,0.3
1315,0.5216666666666667
1319,0.85
1320,0.8
1321,0.6
1322,0.1
1331,0.6
1334,0.1
1343,0.4
1348,0.4
1349,0.4
1351,0.7
1373,0.6
1375,0.3
1380,0.2
1382,0.8
1385,0.5
1387,0.2
1394,0.4
1399,0.2
1403,0.5
1409,0.4
1413,0.6
1425,0.425
1428,0.6
1434,0.5
1444,0.7333333333333333
1448,0.1
1461,0.4
1466,0.9
1476,0.3
1478,0.4
1485,0.2
1491,0.05454545454545454
1494,0.5
1495,0.9666666666666666
1500,0.3
1501,0.2
1503,0.6
1507,1.0
1511,0.1
1519,0.6
1524,0.7
1528,0.45
1529,0.4
1533,0.5
1538,0.8
1539,0.2
1545,0.7
1546,0.7
1550,0.2
1555,0.4
1556,0.5
1558,0.0
1559,0.6
1561,0.4
1563,0.5
1565,0.3
1574,0.4
1581,1.0
1583,0.4
1591,0.4
1594,0.7
1605,0.8
1611,0.5
1614,0.6
1617,0.8
1620,0.4
1626,0.4
1628,0.3
1630,0.8
1632,0.7
1634,0.5
1643,0.1
1651,0.4
1654,0.1
1655,0.3
1658,0.8
1659,0.5
1665,0.3
1675,0.3
1680,0.6366666666666666
1690,0.4
1696,0.4
1714,0.1
1718,0.5333333333333334
1721,0.4
1726,0.5
1728,0.3
1734,0.4
1735,0.5
1740,0.5
1744,0.4
1747,0.3
1752,0.2
1763,0.4
1764,0.3
1765,0.9
1769,0.3
1770,0.9400000000000001
1785,0.5
1787,0.5
1788,0.6333333333333333
1793,0.5
1794,0.23500000000000001
1800,0.4
1812,0.4
1825,0.4
1826,0.9166666666666666
1834,0.6
1843,0.1
1844,0.2
1848,0.3
1849,0.8333333333333333
1860,0.5
1863,0.7
1875,0.3
1883,0.4
1890,0.4
1892,0.3
1893,0.5
1897,0.3
1905,0.3
1908,0.2
1931,0.5
1940,0.0
1943,0.6
1947,0.1
1965,0.1
1967,0.4
1968,0.1
1972,0.7333333333333333
1982,0.3
1985,0.3
2005,0.2
2010,0.6
2021,0.4
2024,0.2
2027,0.4
2028,0.4
2035,0.4
2036,0.4
2043,0.8
2047,0.3
2049,0.8
2055,0.4
2065,0.4
2066,0.1
2070,0.5
2077,0.215
2081,0.6
2085,0.5
2089,0.2
2095,0.4
2097,0.575
2100,0.4
2108,0.6
2112,0.4
2113,0.8
2120,0.1
2121,0.2
2122,0.1
2139,0.4
2141,0.4
2144,0.1
2146,0.3
2148,0.4
2149,0.8
2157,0.2
2158,0.5
2159,0.3
2168,0.5
2176,1.0
2178,1.0
2181,0.5
2184,0.7
2187,0.4
2188,0.2
2190,0.6
2193,0.65
2194,1.0
2197,0.3
2202,0.6
2204,0.6599999999999999
2211,0.2
2214,0.6
2215,0.7
2217,0.3
2222,0.4
2223,0.5
2226,0.7
2230,0.0
2233,0.8495238095238093
2240,0.925
2246,0.1
2247,0.6
2250,0.7
2254,0.5
2257,0.8
2259,0.6
2262,0.4
2263,0.1
2266,0.6
2305,0.3
2310,0.5
2313,0.27999999999999997
2319,0.4
2320,0.4
2341,0.4
2345,0.5
2350,0.6
2356,0.8
2360,0.5
2370,0.2
2374,0.9
2384,0.6
2386,0.3
2397,0.5
2398,0.2
2411,0.6
2414,0.6666666666666666
2435,0.3
2439,0.6833333333333333
2446,0.6
2458,0.2
2465,0.6
2466,0.6
2470,0.6
2490,0.4
2495,0.7849999999999999
2501,0.2
2507,0.3
2533,0.1
2537,0.5
2538,0.0
2541,0.3
2542,1.0
2544,0.5
2554,0.4
2555,0.5
2565,0.6
2572,0.2
2573,0.7
2575,0.3
2586,0.9
2588,0.5
2594,1.0
2617,0.5
2618,0.5
2620,0.3
2623,0.2583333333333333
2631,0.9
2640,0.1
2642,0.75
2647,0.3
2663,0.4
2664,0.2
2676,0.3
2680,0.85
2681,0.1
2690,0.2
2691,0.1
2693,0.7
2695,0.4
2704,0.2
2708,0.0
2709,0.5
2717,0.2
2718,0.6
2722,0.2
2728,0.3
2732,0.4
2743,0.7
2745,0.4545454545454545
2752,0.4
2756,0.4
2757,0.8
2761,0.0
2769,0.3
2771,1.0
2773,0.5
2774,0.8
2776,0.3
2781,0.4
2793,0.4
2799,0.5
2800,0.5
2803,0.3
2811,0.6
2818,0.3
2824,0.8
2828,0.6
2829,0.2
2830,0.4
2842,0.5797619047619047
2847,1.0
2848,0.3
2868,0.6
2870,0.7
2885,0.3
2886,0.4
2889,0.4
2902,0.3
2903,0.4
2904,0.5
2918,0.3
2919,0.3
2922,0.5
2923,0.1
2931,0.3
2945,0.3
2946,0.0
2955,0.5
2957,0.3
2960,0.5
2963,0.5
2966,0.9400000000000001
2972,0.5
2973,0.4
2974,0.7
2981,0.7000000000000001
2982,0.2
2984,0.3
2998,0.3
3016,0.9
3021,0.2
3023,0.65
3025,0.9
3026,0.0
3029,0.6
3034,0.5566666666666666
3037,0.4
3038,0.5
3040,0.4
3051,0.5
3062,0.1
3069,0.3
3071,0.4
3076,0.4333333333333334
3079,0.3
3081,0.5
3082,0.4
3084,0.4
3091,0.1
3095,1.0
3098,0.2
3104,0.5
3105,0.4
3108,0.7
3114,0.2
3118,0.5
3122,0.7
3123,0.4
3132,0.3
3138,0.3
3141,1.0
3156,0.8
3162,0.8
3167,0.6
3170,0.2
3171,0.1
3172,0.8
3176,0.5083333333333333
3180,0.3
3189,0.5
3193,0.1
3198,0.3
3203,0.3
3205,0.2
3206,0.4
3215,0.6
3217,0.4
3222,0.5
3228,0.2
3229,0.4
3232,0.6
3233,0.4
3235,0.6
3238,0.5
3256,0.8
3264,0.5
3265,0.3
3273,0.3
3275,0.5
3285,0.6
3289,0.3
3294,0.5
3306,0.7
3311,0.9444444444444444
3315,0.1
3318,0.5
3322,0.3
3324,0.3
3327,0.1
3334,0.2
3341,0.3
3345,0.1
3346,0.7
3352,0.1
3368,0.4
3369,0.4
3371,0.1
3372,0.5
3375,0.3
3384,0.3
3386,0.4
3387,0.5
3393,0.4
3406,0.2
3411,0.6
3412,0.4
3414,0.3
3417,0.9
3420,0.3502380952380953
3423,0.2
3436,0.1
3437,0.3
3438,0.3
3442,0.4
3443,0.5
3446,0.3
3451,0.3
3461,0.7
3473,0.2
3477,0.3
3489,0.4
3491,0.6
3510,0.4
3515,0.6
3527,0.6
3530,0.925
3533,0.755
3540,0.3
3545,0.9
3553,0.4
3569,1.0
3582,0.2
3604,0.5128571428571429
3605,0.2
3609,0.4
3616,0.3
3624,0.0
3628,0.6499999999999999
3630,0.4
3641,0.5
3642,0.7
3648,0.4
3650,0.2
3651,0.3
3652,0.6
3660,0.3
3664,0.7
3670,0.3
3672,0.3
3680,0.9
3682,0.6
3685,0.2
3686,0.7
3689,0.8
3691,0.4
3696,0.6
3698,0.5
3705,0.3
3712,0.3
3713,0.3
3719,0.1
3721,0.3
3723,0.1
3724,0.3
3725,0.8
3727,0.7
3733,0.6
3734,0.7
3736,0.4
3742,0.7
3761,0.3
3765,0.5333333333333333
3770,0.0
3774,0.2
3777,0.5
3778,0.3
3780,0.5
3781,0.4
3783,0.6
3784,0.5
3788,0.3
3790,0.3
3794,0.2
3795,1.0
3796,0.4
3801,0.0
3802,0.5
3806,0.3
3808,0.3
3813,0.9
3814,0.4
3818,0.9
3824,0.6
3836,0.8
3853,0.5
3855,0.5
3858,0.4
3861,0.835
3866,0.4
3869,0.2
3870,0.4
3874,0.5666666666666667
3876,0.3
3878,0.1
3884,0.3416666666666667
3890,0.3
3900,0.35
3904,0.1
3906,0.7
3907,0.4
3908,0.5
3912,0.1
3913,0.7666666666666666
3914,0.7
3918,0.5583333333333333
3923,0.0
3924,0.2
3925,0.3879761904761905
3927,0.1
3955,0.9
3964,0.7
3966,0.4
3969,0.45666666666666667
3974,0.6
3976,0.275
3984,0.2
3991,0.2
3993,0.5
4009,0.5
4011,0.5
4016,0.4
4020,0.6
4024,0.3
4033,0.2
4035,0.6
4041,0.6
4045,0.6666666666666667
4052,0.9
4055,0.1
4056,0.2
4057,0.4
4067,0.9
4069,0.5
4077,0.6
4079,0.4833333333333332
4094,0.2
4095,0.3
4096,0.9
4100,0.7
4119,0.5
4129,0.2
4130,0.1
4131,0.4
4132,0.9
4134,0.4
4135,0.2
4136,0.2
4137,0.5
4138,0.7
4143,0.5
4145,0.4
4148,0.6
4156,0.6
4163,0.4
4166,0.6
4169,0.9
4170,0.4
4174,0.2
4180,0.2
4190,0.5
4195,0.6
4199,0.1
4201,0.3
4203,0.2
4210,0.0
4211,0.7
4213,0.9
4225,0.5
4235,0.5
4236,0.4
4242,0.3
4244,0.6
4245,0.6
4250,0.2
4252,0.3
4254,0.6
4263,0.5333333333333333
4264,0.6
4268,0.2
4270,0.7
4274,0.3
4282,0.26666666666666666
4283,0.1
4291,0.8
4304,0.6
4306,0.5
4309,0.3
4310,0.5
4313,0.5
4314,0.7
4315,0.2
4321,0.4
4324,0.2
4325,0.3
4328,0.3
4329,0.6
4332,0.4
4337,0.6
4342,0.7
4344,0.4
4352,0.7
4355,0.4
4361,0.1
4366,0.5
4371,0.8
4372,0.4
4376,0.7
4381,0.4
4384,0.4
4387,0.4
4389,0.5
4390,0.5
4405,0.6916666666666667
4406,0.4
4407,0.65
4409,0.75
4410,0.9666666666666666
4413,0.1
4424,0.6
4428,0.5
4434,0.1
4452,0.44325091575091574
4458,0.5
4460,0.1
4461,0.3
4470,0.5833333333333334
4480,0.3
4496,0.3733333333333333
4503,0.3
4507,0.3
4512,0.5
4518,0.9
4519,0.5
4522,0.1
4525,0.5
4537,0.3
4546,0.4
4547,0.48999999999999994
4553,0.5
4556,0.5
4558,0.3
4563,0.1
4568,0.6
4574,0.869047619047619
4578,0.6
4587,0.4
4592,0.4
4594,0.8
4610,0.4
4615,0.24
4617,0.5
4619,0.2
4620,0.3
4625,0.1
4626,0.5
4635,1.0
4636,1.0
4641,0.7
4647,0.1
4650,0.6
4653,0.925
4658,0.6
4660,0.1
4665,0.5
4668,0.1
4669,0.6
4670,0.0
4674,0.4
4675,0.5
4676,0.44325091575091574
4679,0.6
4680,0.35
4686,0.6
4690,0.3
4699,0.6
4711,0.3
4713,1.0
4718,0.7
4721,0.4
4722,0.5
4724,0.7
4730,0.2
4731,0.4
4733,0.8
4735,0.4
4739,0.1
4743,0.0
4745,0.4
4746,0.3
4747,0.7
4748,0.4
4761,0.4
4762,1.0
4763,0.5
4769,0.1
4771,0.5
4774,0.8
4784,0.3
4794,0.4
4797,0.6
4801,0.3
4804,0.1
4820,0.4
4833,0.5
4834,0.5
4851,0.0
4859,0.3
4860,0.925
4863,0.4
4873,0.7
4881,0.6
4892,0.3
4897,0.5
4908,0.41
4911,0.6
4915,0.4
4922,0.3
4929,0.9
4936,0.1
4939,0.7
4948,0.3
4951,0.5
4956,0.2
4961,0.2
4964,0.1
4981,0.4
4991,1.0
4992,0.3
4997,0.6
5004,0.6
5010,0.7
5012,0.1
5015,0.5
5019,0.3
5020,0.4
5021,0.6
5030,0.4
5051,0.5
5052,0.6
5057,0.61
5058,0.6666666666666667
5060,0.5
5061,0.4
5064,0.8495238095238093
5068,0.6
5072,0.1
5078,0.5
5080,0.3
5081,0.5
5086,0.4
5088,0.5
5089,0.3
5090,0.7
5098,0.6
5103,0.5
5108,0.3
5114,0.6
5115,0.3
5124,0.7
5129,0.2
5137,0.7000000000000001
5139,0.2
5142,0.4
5144,0.3
5149,0.8
5157,0.4
5163,0.4
5174,0.4
5176,1.0
5179,0.5
5186,1.0
5195,0.6
5199,0.6
5203,0.1
5204,0.3
5206,0.4
5207,0.5
5220,0.6
5221,0.6
5224,0.6
5227,0.2
5229,0.2
5232,0.4
5240,0.9
5242,0.1
5243,0.2
5245,0.8
5248,1.0
5249,0.7
5254,0.5
5265,0.6
5269,0.4
5272,0.5
5276,0.4
5286,0.0
5288,0.5
5290,0.2
5308,0.5797619047619047
5311,0.76
5316,0.3
5318,0.7
5319,0.4
5320,0.3
5322,0.3
5324,0.3
5331,0.8
5336,0.175
5344,0.6
5346,0.4
5354,0.0
5356,0.0
5358,0.5
5359,0.6
5361,0.1
5365,0.6666666666666666
5370,0.6
5376,0.1
5383,0.2
5384,0.3
5385,0.7
5390,0.7
5393,0.8
5397,0.3
5398,0.3
5402,0.4
5407,0.3
5409,0.5
5424,0.3833333333333333
5425,0.9
5428,0.8916666666666668
5430,0.5
5439,0.7
5442,0.6
5447,0.24
5470,0.5
5473,0.2
5474,0.7
5477,0.6
5485,0.2
5488,0.1
5491,0.5
5493,0.5
5502,0.5
5504,0.3
5506,0.3
5514,0.5
5517,0.5
5522,0.5
5524,0.1
5527,0.7383333333333334
5528,0.5
5536,0.7
5545,0.5
5576,0.5
5577,0.6
5582,0.1
5583,0.2
5592,0.8
5594,0.5
5595,0.2
5596,0.1
5599,0.6
5606,0.8666666666666666
5617,0.6
5619,0.4
5625,0.4
5626,0.3
5627,0.9357142857142857
5632,1.0
5637,0.3
5639,0.9
5642,0.2
5654,0.4
5659,0.7
5664,0.6
5666,0.6
5670,0.6
5671,0.3
5674,0.3
5677,0.4
5681,0.4
5683,0.0
5700,0.9
5710,0.8
5713,0.41
5715,1.0
5718,0.4
5720,0.3
5726,0.5
5738,0.6
5741,0.2
5743,0.3
5753,1.0
5761,0.2
5776,0.4
5780,0.3
5785,0.6
5789,0.5
5797,0.6
5798,0.36666666666666664
5803,0.5
5810,0.7071428571428571
5813,0.6
5817,0.3
5818,0.2
5822,0.4
5829,0.1
5845,0.7
5846,0.3502380952380953
5847,0.2
5854,0.3
5858,0.3
5863,0.4
5867,0.4
5869,0.5
5870,0.5
5872,0.8
5876,0.4
5881,0.3
5886,0.4
5891,0.1
5898,0.5483333333333333
5901,0.1
5914,0.4
5922,0.6
5928,0.7323809523809524
5933,0.3
5934,0.18333333333333335
5946,0.6
5951,0.2
5955,0.7
5956,0.6433333333333333
5965,0.3
5968,0.3
5972,0.5
5978,0.2
5981,0.4
5997,0.5
6005,0.5
6009,0.3
6010,0.4
6015,0.0
6025,0.2
6039,0.7
6047,0.8
6051,0.0
6056,0.8
6061,0.2
6064,0.3
6065,0.7
6070,0.7
6071,0.6166666666666667
6079,0.6
6085,0.1
6086,0.3
6091,0.7583333333333333
6097,0.6
6099,0.4583333333333333
6104,0.6
6106,0.2333333333333333
6108,0.8333333333333334
6109,1.0
6124,0.5
6140,0.1
6142,0.7
6144,0.3
6150,0.2
6154,0.5333333333333333
6155,0.3
6156,0.8
6158,0.7
6159,0.9
6160,0.5
6166,0.2
6169,1.0
6170,0.0
6173,0.6
6175,0.69
6179,0.4
6184,0.6
6185,0.2
6186,0.65
6192,0.2
6204,0.3
6230,0.16666666666666666
6231,0.5
6232,0.5333333333333333
6235,0.4
6237,0.9
6239,0.7
6245,0.2
6263,0.8
6265,0.1
6270,0.3
6271,0.4
6278,0.25
6279,0.16
6287,0.4
6288,0.2
6294,0.5
6295,0.2
6302,0.3
6306,0.5
6322,0.35
6324,0.6
6327,0.1
6331,1.0
6334,0.3
6336,0.0
6338,0.5
6339,0.6
6362,0.5
6372,0.6166666666666667
6374,0.1
6375,0.5
6390,0.8
6393,0.5
6394,0.4
6405,0.3
6406,0.2
6416,0.4
6421,0.9
6422,0.2
6440,1.0
6446,1.0
6457,0.2
6460,0.3
6463,0.7
6474,0.8
6476,0.3
6477,0.3
6482,0.5166666666666666
6488,0.3
6489,0.5
6494,0.2
6495,0.7
6499,0.3
6505,0.4
6507,0.1
6511,0.3
6524,0.2
6527,0.2
6531,0.7
6536,0.8
6538,0.1
6541,0.8
6542,0.4
6550,0.0
6565,0.3
6568,0.7
6584,0.5
6588,0.6
6593,0.4683333333333334
6597,0.3
6603,1.0
6609,0.2
6611,0.6
6613,0.7
6616,0.1
6622,0.3
6627,0.3
6630,0.3
6637,0.5
6639,0.5133333333333333
6640,0.3
6646,0.2
6647,0.3
6648,0.75
6655,0.7
6659,0.6
6669,0.1
6680,0.2
6681,0.6
6684,0.0
6693,0.3
6694,0.5
6704,0.6
6706,0.3
6710,0.1
6713,0.5
6718,0.4
6732,0.4
6737,0.6
6739,0.1
6742,0.6
6746,0.7
6753,0.1
6771,0.2
6784,0.5
6790,0.9199999999999999
6795,1.0
6796,0.9
6805,0.4
6807,0.4
6808,0.2
6818,0.7
6823,0.3
6830,0.9
6831,0.3
6832,0.5
6836,0.3
6846,0.1
6850,0.7
6854,0.0
6868,1.0
6876,0.4
6877,0.6
6881,0.2
6882,0.0
6884,0.6
6886,0.6
6901,0.1
6903,0.7
6908,0.7
6910,0.2
6913,0.4
6914,0.9
6918,0.6
6930,0.1
6941,0.4
6944,0.4
6945,0.4
6947,0.3
6949,0.6
6952,0.7083333333333333
6963,0.1
6964,0.6
6966,0.5
6972,0.7
6979,0.5
6981,0.1
6988,0.51
6990,0.7
6998,0.7
7004,0.5
7005,0.6
7011,0.05
7016,0.3
7020,0.3
7027,0.6
7042,0.6
7056,0.3
7061,0.8
7069,0.2
7071,0.2
7082,0.7
7088,0.6
7095,1.0
7098,0.2
7099,0.5
7108,0.2
7121,0.03333333333333333
7125,0.925
7136,0.1
7149,0.2
7150,0.2
7151,0.2
7156,0.7
7167,0.6
7177,0.7
7178,0.4
7183,0.6
7186,0.1
7190,0.1
7192,0.4
7198,0.3
7201,0.5
7202,0.2
7205,0.8
7207,0.4
7213,0.3
7224,0.4
7225,0.6
7227,0.4
7233,0.4
7236,0.1
7237,0.4
7239,0.5
7246,0.6
7248,0.4
7261,0.9
7264,0.3
7266,0.2
7274,0.3
7278,0.3833333333333333
7279,0.7
7293,0.1
7297,0.2
7312,0.77
7313,0.5
7315,0.3
7322,0.6
7323,0.8
7326,0.9
7334,0.5
7341,0.1
7359,0.65
7361,0.4
7363,1.0
7365,0.4
7371,0.8
7377,0.5
7383,0.5
7390,0.7666666666666667
7393,0.6333333333333333
7398,0.6
7405,0.8
7410,0.0
7415,0.5
7434,0.6
7435,0.4
7438,0.6
7447,0.5
7449,0.7
7450,0.3
7452,0.1
7453,0.4
7455,0.4
7456,0.6
7457,0.0
7460,0.6
7466,0.5
7470,0.9
7474,0.5
7482,0.4
7487,0.1
7488,0.1
7492,0.3
7496,0.5
7500,0.3
7501,0.3
7505,0.7
7509,0.4
7510,0.4
7512,0.2
7514,0.3
7519,0.3
7526,0.4
7531,0.1
7533,0.2
7536,0.8
7538,0.8
7539,0.2
7541,0.525
7544,0.3502380952380953
7554,0.1
7556,0.3
7563,0.8
7564,0.3
7566,0.3
7567,0.0
7580,0.5
7581,0.4
7584,0.4
7587,0.1
7589,0.3
7590,0.8
7594,0.2
7597,0.3
7599,0.3
7602,1.0
7603,0.5
7605,0.2
7609,0.2
7613,0.2
7619,0.3
7625,0.2
7626,1.0
7636,0.95
7638,0.5
7639,0.5
7641,0.7
7643,1.0
7644,0.4
7657,0.5
7661,0.7
7666,0.5
7673,0.5
7683,0.31666666666666665
7685,0.3
7697,0.2
7699,0.6
7704,0.3
7705,0.6
7708,0.4
7728,0.2
7733,0.1
7741,0.5
7743,0.5
7745,0.7
7751,1.0
7752,0.3
7754,0.4
7756,0.3
7757,0.6
7770,0.1
7773,0.75
7774,0.2
7776,1.0
7777,0.5
7778,0.1
7781,0.6
7784,0.5
7789,0.6333333333333334
7794,0.3
7799,0.4
7801,0.6
7818,0.2
7823,0.6
7828,0.1
7832,0.3
7839,0.4
7851,0.1
7856,0.7
7868,0.5
7869,0.5
7872,0.2
7873,0.1
7874,0.3
7878,0.2
7881,0.4
7888,0.7
7902,0.3
7913,0.2
7922,0.8625
7923,0.3
7925,0.3
7926,0.6
7935,0.4
7938,0.5
7942,0.5797619047619047
7945,0.4
7950,0.7
7954,0.3
7959,0.5
7963,0.4
7969,0.4
7970,0.9
7973,0.7
7977,0.3
7981,0.5
7990,0.3
8013,0.0
8020,0.4
8023,0.3
8025,0.6
8034,0.6666666666666666
8039,0.3
8046,0.4
8051,0.2
8055,0.5
8060,0.6
8063,0.1
8064,0.4
8073,0.85
8074,0.4
8076,0.7
8077,0.2
8080,0.4
8082,0.2
8088,0.0
8102,0.7
8103,0.5266666666666666
8104,0.5666666666666667
8105,0.2
8109,0.4
8115,0.3
8121,0.7
8126,0.2
8127,0.85
8135,0.7
8152,0.1
8153,0.7
8156,0.3
8160,0.3
8161,0.7
8162,0.1
8171,0.7
8181,0.6
8183,0.6
8185,0.4
8191,0.85
8192,0.5
8200,0.7
8203,0.2
8204,0.5
8207,0.8
8208,0.3
8209,0.8
8210,0.5
8215,0.9
8217,0.7
8225,0.3
8226,0.4
8231,0.2
8233,0.5
8244,0.9
8249,0.5
8250,0.3
8258,0.5
8261,0.8333333333333333
8265,0.6
8269,0.19999999999999998
8278,0.3
8279,0.5
8280,0.5
8296,0.5933333333333334
8299,0.1
8300,0.5
8301,0.3
8305,0.8
8327,0.2
8334,0.6
8338,0.14250000000000002
8340,0.8
8349,0.2
8355,0.5
8361,0.7
8362,0.3
8364,0.5
8365,0.6
8375,0.6
8378,0.2
8379,0.5
8380,0.4
8381,0.4
8387,0.2
8399,0.9
8402,0.6333333333333333
8409,0.3
8427,0.4
8429,0.6
8433,0.9
8436,0.6
8442,0.3
8445,0.3
8448,0.5
8451,0.3
8462,0.375
8464,0.6
8469,0.1
8474,0.2
8478,0.2
8482,0.1
8488,0.6
8490,0.2
8495,0.5
8498,0.4
8506,0.5
8510,0.8
8511,0.7
8527,0.4
8532,0.2
8533,0.6
8538,0.1
8541,0.6
8545,0.3
8553,0.4
8554,1.0
8555,0.3
8559,0.2
8569,0.4
8586,0.5
8593,0.3
8600,0.7
8606,0.7
8607,0.1
8609,0.2
8611,0.2
8613,0.5
8618,0.5333333333333333
8624,0.4
8630,0.5
8634,0.8
8637,0.2
8650,0.0
8652,0.2
8655,0.8
8661,0.5666666666666667
8669,0.4
8673,0.6
8674,0.3
8678,0.7916666666666666
8682,0.1
8688,0.5
8689,0.5
8695,0.5
8698,0.2
8703,0.3
8709,0.6
8716,0.4
8723,0.7
8737,0.3
8743,0.7
8745,0.8
8747,0.8
8752,0.1
8753,0.4
8771,0.5071428571428571
8773,0.7583333333333333
8774,0.6
8778,0.7
8786,0.3
8794,0.8
8795,0.5
8796,0.6
8800,0.2
8801,0.0
8804,0.4
8808,0.1
8809,0.3
8812,0.32499999999999996
8817,0.8
8818,0.2
8825,0.2
8830,0.2
8831,0.8
8833,0.8
8834,0.5
8836,0.5
8837,0.5
8844,0.2
8849,0.7666666666666666
8851,0.4
8861,0.325
8864,0.2
8865,0.3
8867,0.2
8869,0.5
8873,0.6
8875,0.2
8880,0.4
8884,0.4
8888,0.6
8889,0.4
8891,0.3
8893,0.5
8897,0.4
8903,0.0
8905,0.4
8910,0.9444444444444444
8918,0.8
8939,0.7
8940,0.2
8941,0.5
8942,0.7333333333333333
8944,0.4
8949,0.1
8950,0.0
8958,0.6
8967,0.4333333333333333
8973,0.4
8975,0.5
8979,0.5
8980,0.1
8991,0.2
8995,0.2
8996,0.6
8998,0.8625
9000,0.5
9001,0.4
9002,0.8
9006,0.5
9013,0.5
9024,0.4
9026,0.3
9027,0.2
9034,0.4
9037,0.3
9038,0.3
9044,0.5
9050,0.1
9052,0.5
9054,0.6
9073,0.1
9078,0.9
9088,0.7
9097,0.5
9109,0.2
9112,0.6
9115,0.5
9120,0.9
9125,0.475
9128,0.7
9132,0.3
9136,0.7
9139,0.1
9140,0.3
9142,0.7
9143,0.7
9147,0.5
9154,0.7
9158,0.1
9159,0.2
9165,0.9
9172,0.5
9176,0.975
9177,0.0
9178,0.3
9179,0.3
9185,0.5
9189,0.4
9196,0.7333333333333334
9199,0.7
9201,0.2
9202,0.5
9209,0.5
9210,0.4
9212,0.3
9214,0.2
9240,1.0
9241,0.6
9244,0.6
9246,0.7
9249,0.2
9250,0.3
9252,0.6
9255,0.5
9258,0.3
9263,0.3
9266,0.2
9269,0.0
9272,0.5
9276,0.205
9284,0.4
9290,0.4
9299,0.3
9303,0.4
9310,0.3
9311,0.1
9314,0.2
9315,0.6
9325,0.2
9328,0.1
9329,0.4
9332,0.8
9337,0.8
9353,0.2
9354,0.5
9355,0.6
9356,0.85
9362,0.5
9364,0.8
9366,0.75
9377,0.2
9382,0.5
9387,0.0
9388,0.7333333333333333
9396,0.0
9400,0.3
9406,0.9
9407,0.5
9411,0.4
9416,0.1
9417,0.5
9423,0.6916666666666667
9424,0.8
9425,1.0
9426,0.6
9427,0.3
9429,0.3
9430,0.0
9434,0.4
9442,0.4
9448,0.2
9458,0.6
9476,0.5
9481,0.2
9483,0.7
9484,0.6
9486,0.3
9487,0.6523809523809524
9488,0.6
9490,0.3
9502,0.3
9505,0.1
9509,0.15
9515,0.5
9516,0.3
9531,0.4
9532,0.2
9536,0.1
9539,0.1
9542,0.6
9549,0.5
9550,0.5
9551,0.4
9553,0.6
9554,0.5
9561,0.2
9564,0.8
9566,0.2
9571,0.2
9577,0.8
9584,0.6
9592,0.6
9596,0.24166666666666664
9602,0.2
9603,0.0
9604,0.6
9608,0.8666666666666666
9609,0.4
9613,0.2
9623,0.7
9630,0.3
9633,0.5
9647,0.2
9648,0.3
9655,0.4
9657,0.3
9665,0.5
9666,0.38333333333333336
9668,0.1
9670,0.2
9677,0.31666666666666665
9678,0.1
9679,0.4
9693,0.6
9718,0.05454545454545454
9720,1.0
9744,0.5
9745,0.2
9746,1.0
9753,0.6
9758,1.0
9759,0.7
9763,0.1
9766,0.3
9767,0.5
9777,0.2
9781,0.2
9783,0.5
9789,0.6
9790,0.6
9799,0.7
9802,0.2
9803,0.5
9805,0.675
9807,0.1
9812,0.5
9818,0.3
9819,0.6
9820,0.4
9822,0.4
9824,0.6
9834,0.9
9836,0.0
9846,0.8
9847,0.4
9856,0.5
9864,0.05
9867,0.9
9869,0.4
9875,0.5
9880,0.4
9885,0.8
9889,1.0
9894,0.4
9901,0.5
9909,0.9
9914,0.0
9915,0.7
9919,0.3
9920,0.75
9933,0.4
9940,0.7
9946,0.4
9948,0.4
9956,0.5
9958,0.3
9959,0.6
9962,0.4
9967,0.3
9973,0.6
9976,0.6
9978,0.4
9982,0.3
9987,0.4
9988,0.5
9989,0.3
9991,1.0
9992,0.3
9994,0.4
10000,0.0
10002,0.8
10005,0.1
10008,0.2
10009,0.8
10011,0.6
10021,0.4
10022,1.0
10053,0.3
10058,0.26666666666666666
10066,0.1
10074,0.4
10076,0.5
10090,0.6
10092,0.0
10098,0.6
10099,0.8
10102,0.6
10103,0.2
10104,0.7
10106,0.4
10108,0.725
10113,0.6
10117,0.49333333333333335
10119,0.2
10122,0.5
10125,0.2
10140,0.7
10147,0.7
10155,0.2
10159,0.2
10164,0.8
10175,0.3
10176,0.3
10178,0.2
10186,0.1
10200,0.0
10204,0.38333333333333336
10206,0.375
10211,0.3
10212,0.4
10217,0.8
10218,0.3
10220,0.65
10230,0.9666666666666666
10233,0.3333333333333333
10234,0.5
10235,0.2
10239,0.4
10240,0.4
10242,0.8
10243,0.2
10245,0.1
10246,0.6233333333333334
10247,0.5
10250,0.5
10254,0.9
10257,0.4
10260,0.1
10261,0.3
10265,0.4
10273,0.5
10274,0.2
10276,0.2
10277,0.4
10289,0.8
10290,0.5
10298,0.6
10301,0.4
10304,0.5428571428571429
10305,0.2
10311,0.6
10313,0.3
10320,0.4
10323,0.4
10326,0.5
10328,0.5
10332,0.6666666666666666
10336,0.8
10343,0.4
10348,0.11666666666666665
10350,0.4
10351,0.4
10354,0.4
10365,0.3
10372,0.4
10373,0.6
10377,0.4
10380,0.7
10383,0.4
10396,0.9
10397,0.5
10399,0.5
10400,0.6
10401,0.3
10402,0.4
10403,0.65
10410,0.7333333333333334
10412,0.1
10415,0.2
10424,0.2
10428,0.3
10432,0.6
10443,0.1
10462,0.6333333333333334
10472,0.7
10477,0.2
10479,0.5
10482,0.7
10484,0.3
10490,0.3
10493,0.6
10495,0.6
10497,0.5
10516,0.2
10521,0.6
10522,0.6
10523,0.3
10528,0.3
10530,0.3
10532,0.3
10533,0.5
10535,0.4
10543,0.7
10547,0.6
10552,0.6
10558,0.4
10564,0.3
10566,0.7
10571,0.6
10572,0.1
10574,0.6
10583,0.7
10600,0.9
10607,0.7
10608,0.4
10614,0.4
10630,0.3
10634,0.7
10635,0.5
10641,0.655
10643,0.5
10644,0.1
10647,0.2
10648,0.6
10661,0.1
10669,0.3
10675,0.6
10686,0.9
10704,0.7
10707,0.2
10709,0.08
10710,0.4
10722,0.2
10736,0.1
10738,0.2
10764,0.3
10767,0.6
10776,0.3
10779,0.4
10780,1.0
10781,0.6
10792,0.5416666666666666
10797,0.5
10798,0.2
10801,0.0
10802,0.2
10805,0.4
10808,0.1
10810,0.43
10816,0.7
10817,0.0
10818,0.5
10829,0.1
10843,0.7
10858,0.4
10866,0.1
10874,0.4
10876,0.5
10887,0.5
10890,0.0
10891,0.5
10896,0.6
10900,0.5
10905,0.5
10907,0.2
10914,0.3
10917,0.3
10936,0.9
10947,0.3
10948,0.0
10951,0.3
10955,0.0
10969,0.3
10984,0.5
10987,0.0
10990,0.4
10992,0.9
10996,0.2
10997,0.3
10999,0.4
11000,0.8
11001,0.3
11010,0.665
11016,0.975
11018,0.5833333333333333
11024,0.3
11034,0.7583333333333334
11039,0.3
11041,0.6
11047,0.3
11048,0.5
11053,0.6
11055,0.3
11056,0.5
11063,0.6
11065,0.3
11068,0.2
11070,0.7
11071,0.1
11072,0.5
11077,0.2
11079,0.9
11086,0.5
11091,0.5
11093,0.4
11094,0.4
11112,0.8
11113,0.7
11128,0.2
11135,0.5
11153,0.2
11154,0.0
11160,0.8
11163,0.8
11179,0.1
11181,0.1
11206,0.2
11207,0.2
11216,0.1
11221,0.5
11223,0.5
11228,0.7
11235,0.2
11237,0.7
11239,1.0
11244,0.5
11256,0.8
11267,0.3
11272,0.95
11281,0.6
11285,0.6
11288,0.6333333333333334
11291,0.4
11293,0.7
11296,0.2
11297,0.2
11298,0.4
11299,0.5
11301,0.5
11304,0.3
11309,0.5
11313,0.6
11329,0.5797619047619047
11331,0.7
11332,0.6
11337,0.2
11343,1.0
11347,0.5
11348,0.7
11355,0.8
11368,0.5
11369,0.2
11371,0.8
11378,0.4
11380,0.35
11384,0.3
11387,0.8
11392,0.4
11393,0.1
11399,0.8
11403,0.2
11404,0.0
11412,0.6
11423,0.0
11429,0.7
11430,0.8
11431,0.3
11432,0.0
11444,0.575
11450,0.5
11451,0.3
11476,0.4
11485,0.5
11488,0.4
11493,0.21666666666666665
11495,0.42666666666666664
11505,0.2
11508,0.33999999999999997
11518,0.8321428571428571
11522,0.9
11524,0.55
11533,0.7
11549,0.6833333333333333
11551,1.0
11560,0.3
11563,0.7
11565,0.25
11567,0.7
11569,0.2
11589,0.7
11591,0.6
11598,0.2
11603,0.3
11604,0.2
11611,0.4
11617,0.9
11626,0.5
11627,0.3
11636,0.0
11642,0.6
11643,0.3
11648,0.4
11651,0.5
11663,0.3
11666,0.35
11685,0.6
11686,0.2
11698,0.0
11699,0.3
11700,0.4
11708,0.8
11710,0.1
11711,0.1
11713,0.6
11718,0.2
11724,0.8
11734,0.5
11736,0.4
11742,0.2
11761,0.6
11767,0.3
11768,0.3
11775,0.7
11779,0.4
11786,1.0
11790,0.15
11791,0.2
11796,0.0
11806,0.5
11808,0.6
11810,0.4
11811,0.3
11814,0.5208333333333333
11816,0.4
11820,0.2
11822,0.2
11829,0.4
11832,0.6
11834,1.0
11836,0.4
11837,0.4
11844,0.5
11847,0.3
11862,0.7
11864,0.5166666666666667
11865,0.0
11872,0.5
11873,0.95
11886,0.7
11894,0.4
11900,0.6
11901,0.6
11905,0.2
11906,0.3
11907,0.2
11912,0.6
11914,0.5
11915,0.3
11918,0.1
11924,0.7
11929,0.8
11930,0.2
11936,0.3
11937,0.6
11948,0.2
11954,0.8
11957,0.5
11964,0.2
11968,0.2
11972,0.9
11974,0.6
11976,0.4
11979,0.2
11981,0.4
11983,0.5
11989,0.2
11991,0.1
11998,0.1
12003,0.6
12007,0.5
12011,0.5
12014,0.7
12024,0.0
12033,0.4
12034,0.2
12041,0.3
12046,0.2
12051,0.4
12056,0.6
12064,0.2
12069,0.5
12070,0.4
12071,0.1
12072,0.6
12078,0.5
12091,0.5
12092,0.5
12094,0.7
12098,0.2
12103,0.2
12115,0.4
12118,0.6916666666666667
12122,0.4
12125,0.9666666666666666
12133,0.4
12135,0.4
12137,0.35
12141,0.3
12143,0.4
12144,0.5
12150,0.1
12154,0.7
12163,0.3
12164,0.4
12169,0.5
12170,0.5
12177,0.5
12193,0.3
12196,0.0
12197,1.0
12202,0.5
12206,0.4
12209,0.3
12214,0.6
12215,0.3
12218,0.6
12219,0.5
12221,0.5
12228,0.3
12233,0.1
12238,0.2
12242,0.1
12245,0.7
12247,0.5
12251,0.3
12287,0.5
12292,0.3
12303,0.6
12304,0.5
12311,0.1
12317,0.075
12318,0.2
12320,0.6202380952380953
12323,0.4
12328,0.5
12333,0.9
12334,0.4
12335,0.6
12346,0.8
12352,1.0
12358,0.5
12364,0.2
12366,0.3
12376,0.4
12389,0.8
12396,0.7
12401,0.5
12402,0.41500000000000004
12405,0.2
12406,0.4
12408,0.5
12410,0.7
12413,0.5
12417,0.4
12424,0.4
12425,0.4
12426,0.3
12430,0.1
12432,0.6633333333333333
12433,0.1
12451,0.2
12457,0.2
12463,0.4
12465,0.4
12468,0.6
12474,0.6
12475,0.0
12476,0.8
12486,0.6
12487,0.6
12504,0.0
12514,0.6
12524,1.0
12526,0.7
12530,0.8
12532,0.4
12587,0.4
12593,0.3
12599,0.4
12600,0.7
12603,0.4
12604,0.5
12620,0.5
12624,0.9
12630,0.3
12638,0.3
12641,0.8
12643,0.7233333333333334
12646,0.6
12656,0.7
12659,0.6
12666,0.7
12672,0.08
12673,0.7
12675,0.2
12678,0.5
12692,0.0
12693,0.55
12695,0.5
12700,0.3
12707,0.7
12711,0.9
12716,0.2
12717,1.0
12723,0.6
12735,0.5
12738,0.5
12742,0.5
12746,0.4
12753,0.7269841269841271
12758,0.3
12760,0.2
12763,0.7
12764,0.5
12768,0.8
12772,0.9
12776,0.2
12777,0.5
12783,0.33166666666666667
12801,0.6
12803,0.5
12804,0.5
12805,0.3
12817,0.4
12824,0.3
12839,0.4
12847,0.9
12850,0.7
12867,0.7849999999999999
12875,0.6
12883,0.1
12885,0.4
12887,0.1
12890,0.3
12903,0.2
12906,0.1
12907,0.2
12909,0.7
12912,0.4
12914,0.4
12915,0.5
12930,0.4
12931,0.2
12934,0.3
12951,0.2
12955,0.3
12971,0.9
12972,0.2
12973,0.5666666666666667
12986,0.5
12987,0.0
12988,0.2
12999,0.2
13015,0.2
13026,0.7
13036,0.2
13039,0.5
13040,0.1
13041,0.8
13043,0.9166666666666666
13053,0.8
13057,0.9
13064,0.4
13066,0.3
13068,1.0
13069,0.2
13073,0.7
13079,1.0
13086,0.3
13089,0.5
13093,0.6
13097,0.1
13098,0.0
13105,0.4
13107,0.9
13108,0.9
13110,0.3
13112,0.2
13114,0.3
13118,0.7
13127,0.4
13129,0.5
13134,1.0
13142,0.2
13146,0.24
13149,0.5558333333333334
13152,0.3
13157,0.4
13158,0.6
13159,0.4
13161,0.6
13162,0.2
13166,0.1
13168,0.3
13170,0.7
13186,0.3
13191,0.3
13194,0.7
13200,0.3
13203,0.6
13209,0.8
13212,0.4
13213,0.3
13218,0.3
13222,0.3
13229,0.6
13234,0.3
13257,1.0
13258,0.6
13268,0.5
13270,0.4
13291,0.4
13292,0.1
13299,0.3
13303,0.2
13306,0.2
13307,0.0
13309,0.5
13311,0.5
13312,0.7
13322,0.4
13323,0.4
13324,0.85
13330,0.2
13338,0.4
13344,0.4
13348,0.2
13355,0.3
13356,0.6
13359,0.5333333333333334
13365,1.0
13368,0.2
13370,0.4
13371,0.4
13372,0.4
13377,0.5
13385,0.0
13389,0.5
13392,0.3
13393,0.8
13395,0.8
13399,0.9
13404,0.6
13410,0.8
13411,0.9
13413,0.6
13416,0.4
13434,0.4
13435,0.3
13445,0.2
13446,0.1
13451,0.7833333333333334
13462,0.1
13464,0.6
13466,0.3
13471,0.8
13472,0.4
13477,0.4904761904761904
13481,0.3
13484,0.6
13490,0.4
13492,0.4
13500,0.7
13508,0.5
13516,0.5
13525,0.5
13526,0.4966666666666667
13530,0.6
13532,0.3
13538,0.4
13546,0.3
13548,0.6
13550,0.7
13551,0.7
13564,0.8
13566,0.8
13570,0.5
13580,0.8
13582,0.3
13585,0.2
13588,0.1
13592,0.9
13594,0.3
13609,0.7
13610,0.5
13612,0.3
13613,0.0
13625,0.3
13626,0.8
13629,0.3879761904761905
13639,0.525
13645,0.9
13647,0.9
13648,0.2
13652,0.7
13654,0.45
13664,0.9
13673,0.5
13680,0.8
13684,0.4
13690,0.4
13693,0.2
13696,0.4
13700,0.4
13701,0.2
13703,0.4
13707,0.5
13711,0.4
13713,0.1
13714,0.5
13716,0.5
13720,0.4
13725,0.3
13727,0.7
13733,0.3
13738,0.1
13743,0.6183333333333334
13756,0.4
13757,0.4
13759,0.2
13761,0.4583333333333333
13767,0.6
13782,0.7
13786,0.2
13787,0.4
13792,0.6
13795,0.3
13798,0.9
13807,0.1
13809,0.5
13811,0.3
13815,0.3
13817,0.1
13818,0.5
13822,0.3
13824,0.4
13829,0.6
13832,0.7
13840,0.6
13841,0.8
13851,0.5
13868,0.3
13871,0.5
13878,0.6
13880,0.6
13888,0.5
13890,0.615
13891,0.6
13895,0.5
13907,0.1
13910,0.2
13912,0.2
13913,0.3
13920,0.4
13923,0.3
13927,0.5
13929,0.5
13935,0.5333333333333333
13936,0.4
13939,0.4
13946,0.4
13950,0.35
13951,0.5
13954,0.6
13956,0.9
13958,0.5
13969,0.5
13980,0.0
13981,0.6833333333333333
13986,0.4
13987,0.6
13989,0.4
13992,0.3
13994,0.9
14001,0.9
14002,0.6
14004,0.5
14005,0.3
14006,0.8
14012,0.4
14015,0.1
14021,0.1
14024,0.2
14045,0.4
14047,0.4
14057,0.3
14059,0.1
14060,0.2
14066,0.4
14068,0.2
14070,0.2
14074,0.1
14076,0.6
14089,0.4
14101,0.3
14113,0.2
14115,0.6
14116,0.2
14120,0.9
14128,0.3
14131,0.6
14134,0.65
14136,0.7
14137,0.2
14138,0.2
14139,1.0
14152,0.5
14153,0.9
14155,0.6
14156,0.7
14159,0.5
14164,0.4
14165,0.8666666666666666
14171,0.4
14174,0.7
14175,0.4
14181,0.71
14186,0.7
14189,0.6
14191,0.4
14192,0.1
14201,0.4
14206,0.5
14210,0.12
14214,0.4
14221,0.55
14222,0.2
14230,0.9666666666666666
14231,0.4
14236,0.5
14241,0.45666666666666667
14245,0.6
14249,0.5
14251,0.9466666666666669
14262,0.5
14263,0.3
14265,0.4
14267,0.6
14270,0.27999999999999997
14276,0.4
14279,0.1
14281,0.5
14285,0.4
14289,0.1
14290,0.6
14293,0.5
14295,0.4
14296,0.4
14297,0.5
14298,0.8
14310,0.4
14312,0.6
14313,0.3
14315,0.3
14318,0.1
14319,0.2
14322,0.8
14325,0.7
14331,0.0
14334,0.3
14341,0.2
14343,0.775
14344,0.4
14345,0.5
14346,0.5
14347,0.5
14349,0.3
14352,0.1
14358,0.4
14361,0.2
14363,0.1
14364,0.6
14366,0.5
14374,0.6
14376,1.0
14381,0.3
14387,0.7
14398,0.6
14410,0.2
14412,0.3879761904761905
14415,0.9
14422,0.5
14423,0.4
14425,0.4
14436,0.4
14442,0.7066666666666667
14444,0.4
14455,0.4
14465,0.2
14469,1.0
14471,0.5
14475,0.5
14479,0.2
14480,0.4
14488,0.3
14491,0.8
14499,0.7
14501,0.4
14516,0.6
14520,0.1
14522,0.8
14523,0.8
14526,0.4
14537,0.4
14538,0.4
14550,0.5
14560,0.5
14561,0.2
14562,0.4
14575,0.6599999999999999
14586,0.4
14592,0.7083333333333333
14601,0.2
14602,0.5
14604,0.7
14606,0.5
14613,0.9
14627,0.5
14641,0.5
14652,0.2
14662,0.4
14665,0.7
14673,0.1
14675,0.1
14679,0.4
14683,0.3
14686,0.4
14695,0.4
14705,0.1
14708,0.4
14709,0.4
14710,0.5
14715,0.3
14717,0.4
14723,0.6
14725,0.3
14727,0.6
14728,0.5
14733,0.5
14735,0.6
14743,0.2
14746,0.5
14752,1.0
14757,0.0
14759,0.6
14762,0.6
14763,0.4
14774,0.2
14777,0.7333333333333334
14778,0.4
14789,0.3
14797,0.3
14798,0.8
14811,0.7
14812,0.5
14818,0.5
14825,0.2
14827,0.4
14829,0.1
14830,1.0
14837,0.7
14839,0.4
14849,0.6
14863,0.2
14869,0.5
14882,0.5
14884,0.5
14886,0.5
14888,0.9
14890,0.5
14904,0.4
14938,0.8
14952,0.4
14958,0.1
14960,0.5
14963,0.5
14972,0.6
14979,0.7
14980,0.3
14986,0.3
14988,0.5
15003,0.5
15006,0.05
15009,0.9
15015,0.0
15024,0.7
15026,0.6
15030,0.3
15036,0.7666666666666666
15038,0.3
15039,0.4
15047,0.9
15049,0.7
15056,0.5558333333333334
15060,0.2
15068,0.7
15070,0.5
15073,0.1
15081,0.4
15084,0.3
15088,1.0
15092,0.4
15095,0.2
15097,0.7
15098,0.3
15115,0.5
15120,1.0
15126,0.0
15133,0.4
15143,0.5
15156,0.8
15163,0.4
15164,0.3
15178,0.4
15198,0.8
15200,0.3
15204,0.2
15206,0.4
15208,0.0
15214,0.2
15218,0.5
15231,0.4
15238,0.6
15239,0.3
15240,0.3
15249,0.4
15256,0.4
15260,0.8
15290,0.8
15296,0.2
15298,0.2
15299,0.869047619047619
15307,0.3566666666666667
15308,0.1
15309,0.6
15321,0.5
15323,0.3
15325,0.3
15335,0.1
15342,0.6366666666666667
15346,0.6
15349,0.2
15354,0.5
15362,0.3
15372,0.5
15379,0.3
15383,0.6
15394,0.5
15399,0.1
15401,0.6
15405,0.8
15407,0.3
15412,0.5
15413,0.5
15415,0.6
15417,1.0
15427,0.7
15430,0.4
15436,0.3
15438,0.3
15439,0.7
15443,0.7571428571428571
15444,0.4
15445,1.0
15446,0.3
15450,0.5
15456,0.37499999999999994
15465,0.5
15466,0.4
15468,0.4
15470,0.5
15474,0.3
15476,0.3
15482,0.2
15492,0.45
15498,0.3
15510,0.6
15519,0.2
15523,0.2
15535,0.6
15548,0.8
15561,0.6
15563,0.7
15564,0.3
15566,0.2
15579,0.4
15580,0.3
15581,0.2
15587,0.7
15589,0.5
15591,0.4
15597,0.5
15615,0.3
15620,0.4
15627,0.4
15633,0.29
15636,0.1
15653,0.6
15654,0.8
15662,0.3833333333333333
15664,0.6
15666,0.5
15667,0.3
15674,0.6
15692,0.1
15700,0.3
15715,0.0
15722,1.0
15736,0.8
15744,0.5
15746,0.1
15758,0.5
15760,0.6
15762,0.5
15766,0.5
15767,0.3
15770,0.2
15788,0.6
15789,0.45666666666666667
15810,0.4
15818,0.7
15819,0.2
15820,0.5
15830,0.1
15844,0.4
15850,0.2
15857,0.5
15863,1.0
15868,0.4
15869,0.4
15872,0.1
15873,0.1
15876,0.5
15878,0.1
15883,0.4
15884,0.2
15885,0.8
15886,0.2
15891,0.6
15894,0.3
15898,0.1
15900,0.6
15912,0.1
15931,0.9
15932,0.5
15937,0.3
15940,0.7
15944,0.7
15945,0.3
15949,0.1
15960,0.2
15963,0.1
15970,0.0
15977,0.8
15982,0.5
15985,0.1
15995,0.3
16004,0.5
16005,0.5333333333333334
16006,0.4
16011,0.3
16019,0.2
16021,0.7
16034,0.4
16051,0.45
16060,0.7
16065,0.6333333333333333
16066,0.4
16070,1.0
16076,0.6
16091,0.5
16094,0.6
16101,0.5
16104,0.1
16113,1.0
16114,0.6
16115,0.7
16127,0.7
16128,0.3
16137,0.1
16138,0.3
16139,1.0
16142,0.2
16144,0.2
16148,0.3
16151,0.5
16154,0.1
16156,0.2
16165,0.2
16166,0.4
16168,0.6
16179,0.6
16193,0.6
16196,0.1
16198,0.4
16210,0.6
16228,0.8
16232,1.0
16237,0.1
16240,0.5
16252,0.6
16259,0.5
16262,0.6
16263,0.1
16270,0.85
16272,0.4
16276,0.5
16290,0.1
16295,0.8
16297,0.6
16299,0.6
16300,0.1
16302,0.3
16303,0.6
16305,0.5
16309,0.7
16312,0.3
16316,0.2
16320,0.9
16326,0.8
16327,0.6
16338,0.5
16342,0.1
16346,0.6
16348,0.3
16355,0.3
16356,0.4
16378,0.6
16382,0.1
16391,0.4
16392,0.2
16395,0.9
16399,0.2
16403,0.4
16408,0.3
16413,0.6
16415,0.4
16417,0.3
16420,0.3
16431,0.6
16439,0.3
16441,0.5
16444,0.4
16446,0.0
16451,0.0
16454,0.2
16456,0.0
16458,0.4
16461,0.3
16462,0.3
16469,0.2
16479,0.8
16484,0.6
16486,0.4
16487,0.3
16491,0.2
16494,0.1
16507,0.9
16508,0.5
16519,0.3
16523,0.5
16526,0.4
16530,0.7
16532,0.6
16535,0.3
16542,0.6
16550,0.3
16555,0.4
16556,0.5
16558,0.5
16567,0.2
16576,0.4
16579,0.2
16580,0.3
16595,0.8
16598,0.2
16600,0.6
16604,0.8
16605,0.6
16607,0.4
16610,0.3
16612,0.8
16617,0.2
16625,0.4
16632,0.6
16634,0.6
16650,0.6
16652,0.1
16654,0.5
16655,0.5
16656,0.4
16657,0.6
16660,0.2
16661,0.7
16662,1.0
16667,0.6
16669,0.6
16673,0.0
16675,0.5
16676,0.2
16678,0.4
16679,0.3
16693,0.4
16701,0.3
16709,0.1
16715,0.6
16722,0.5
16724,0.2
16727,0.2
16735,0.7
16741,0.2
16747,0.0
16752,0.1
16758,0.5
16765,0.5
16771,0.2
16785,0.5
16793,0.7
16800,0.5
16805,0.2
16809,0.2
16818,0.3
16820,0.4
16827,0.4
16830,0.4
16843,0.9
16847,0.6
16855,0.7
16860,0.3
16862,0.4
16863,0.6
16869,0.5333333333333333
16872,0.5
16874,0.2
16876,0.8
16883,0.3
16893,0.4
16895,0.9
16914,0.6
16917,0.4
16926,0.5
16930,0.2
16931,0.5
16932,0.5
16934,0.5
16937,0.4
16941,0.5
16942,0.6
16957,0.4
16962,0.4
16963,0.1
16967,0.5
16968,0.7
16972,0.3
16974,0.1
16984,0.3
16987,0.5
16994,0.6
16995,0.5
16999,0.7
17000,0.6
17004,0.4
17006,0.8
17034,0.5
17038,0.8
17040,0.2
17050,0.0
17055,0.3
17059,0.7
17066,0.4
17068,0.3
17077,0.2
17079,0.3
17082,0.4
17085,0.4
17087,0.5
17099,0.6
17105,0.3
17108,0.3
17110,0.6
17111,0.1
17116,0.7
17123,0.6
17124,0.1
17130,0.3
17132,0.9
17138,0.8
17143,0.6
17157,0.5
17160,0.4
17166,0.3
17167,0.6
17170,0.1
17179,0.9
17180,0.5
17184,0.4
17189,0.6
17197,0.8
17212,0.3
17219,0.5
17223,0.9
17225,0.4
17229,0.2
17234,0.7
17235,0.2
17239,0.3
17242,0.6
17243,0.2
17246,0.8
17247,0.3
17255,0.7
17258,0.7
17260,0.4
17264,0.3
17270,0.5
17271,0.5
17272,0.5
17285,0.5
17294,0.3
17297,0.4
17298,0.2
17299,0.4
17302,0.2
17306,0.6
17313,0.2
17315,0.5
17324,0.1
17326,0.3
17327,0.5
17330,0.1
17339,0.4
17345,0.7
17350,0.7
17351,0.5
17352,0.1
17371,0.7
17372,0.3
17381,0.4
17385,0.4
17388,0.4
17390,0.4
17392,0.6
17399,0.3
17404,0.1
17407,0.0
17408,0.95
17416,0.2
17418,0.1
17423,0.3
17434,0.9
17438,0.2
17443,0.7
17444,0.2
17447,0.3
17453,0.7
17454,0.1
17460,0.4
17467,0.4
17480,0.6
17488,0.3
17490,0.4
17493,0.4
17498,0.2
17503,0.2
17513,0.7
17517,0.4
17520,0.3
17525,0.2
17533,0.4
17534,0.2
17545,0.6
17553,0.5
17554,0.6
17557,0.3
17563,0.6
17564,0.6
17566,0.6
17576,0.6
17577,0.3
17580,0.5
17582,0.0
17596,0.7
17597,0.6
17602,1.0
17614,0.2
17623,0.3
17624,0.4
17627,0.5
17628,0.4
17630,0.5
17634,0.5
17639,0.2
17640,0.5
17652,0.6
17657,0.5
17661,0.7
17662,0.2
17666,0.4
17678,0.2
17680,0.6
17682,0.8
17687,0.3
17688,0.4
17693,0.6
17696,0.4
17703,0.1
17705,0.7
17711,0.6
17715,0.4
17717,0.4
17721,0.2
17727,0.4
17728,0.3
17737,0.4
17745,0.6
17755,0.3
17764,0.4
17768,0.4
17774,0.5
17777,0.6
17785,0.4
17786,0.2
17789,0.4
17793,0.7
17799,0.5
17802,0.4
17810,0.4
17813,0.3
17819,0.3
17825,0.4
17828,0.1
17833,0.3
17841,0.5
17842,0.5
17844,0.3
17849,0.1
17850,0.7
17855,0.6
17857,0.3
17861,0.3
17862,0.4
17863,0.3
17868,0.2
17876,0.2
17882,0.6
17885,0.3
17893,0.5
17894,0.1
17902,0.4
17903,0.5
17906,0.0
17907,0.3
17911,0.7
17917,0.2
17921,0.3
17932,0.5
17941,0.3
17945,0.3
17949,0.3
17954,0.5
17957,0.3
17958,0.7
17960,0.5
17967,0.7
17975,0.8
17985,0.3
18000,0.4
18002,0.7
18008,0.0
18014,0.5
18015,0.35
18019,0.6
18021,0.4
18022,0.5
18026,0.5
18029,0.4
18030,0.1
18034,0.5
18035,0.2
18036,0.5
18039,0.5
18053,0.2
18066,0.3
18075,0.3
18076,0.3
18079,0.6
18089,0.7
18104,0.4
18110,0.3
18119,0.5
18123,0.6
18124,0.3
18129,0.4
18131,0.4
18133,0.6
18136,0.5
18148,0.3
18152,0.1
18167,0.3
18177,0.5
18178,0.8
18183,0.4
18194,0.4
18197,1.0
18199,0.2
18213,0.5
18214,0.5
18221,0.3
18227,0.1
18235,0.6
18239,0.7
18245,0.5
18248,0.7
18265,0.3
18266,0.5
18267,0.6
18274,0.1
18279,0.9
18283,0.6
18291,0.5
18297,0.2
18302,0.4
18303,0.6
18315,0.2
18324,0.2
18326,0.6
18334,0.6
18336,0.1
18344,0.3
18346,0.5
18347,0.2
18350,0.4
18352,0.2
18353,0.5
18364,0.5
18366,0.2
18373,0.5
18389,0.5
18391,0.5
18393,0.4
18395,0.0
18400,0.3
18405,0.3
18408,0.2
18421,0.3
18425,0.7
18443,0.1
18444,0.4
18451,0.5
18456,0.4
18458,0.4
18460,0.6
18461,0.4
18467,0.8
18468,0.3
18475,0.5
18481,0.4
18485,0.2
18494,0.5
18495,0.5
18508,0.3
18519,0.0
18522,0.5
18530,0.5
18533,0.6
18537,0.1
18542,0.775
18547,0.4
18548,0.3
18553,0.0
18560,0.8
18561,0.2
18565,0.35
18572,0.3
18585,0.4
18593,0.6
18597,0.4
18600,0.7
18601,0.4
18620,0.6
18621,0.3
18625,0.9
18629,0.6
18637,0.2
18649,0.7
18653,0.6
18660,0.1
18671,0.2
18672,0.5
18677,0.3
18681,0.7
18684,0.5
18685,0.7
18686,0.9
18687,0.6
18689,0.2
18690,0.3
18709,0.2
18716,0.9
18723,0.2
18733,0.3
18747,0.4
18759,0.7
18773,0.4
18782,0.8
18797,0.6
18810,0.4
18817,0.3
18820,0.9
18823,0.5
18825,0.5
18836,0.0
18837,0.5
18850,0.5
18857,0.5
18861,0.7
18867,0.7
18870,0.4
18877,0.4
18887,0.2
18888,0.4
18898,0.8
18900,0.3
18914,0.3
18921,0.8
18922,0.5
18926,0.3
18937,0.2
18945,0.5
18947,0.3
18949,0.1
18953,0.1
18954,0.5
18957,0.6
18960,0.6
18965,0.6
18973,0.4
18983,0.4
18990,0.3
18991,0.2
18993,0.2
18995,0.2
18996,0.3
18998,0.3
19003,0.2
19010,0.9
19014,0.8
19015,0.0
19019,0.7
19028,0.3
19036,0.7
19038,0.4
19040,0.3
19046,0.2
19051,0.5
19054,0.8
19056,0.1
19070,0.4
19074,0.1
19078,0.1
19079,0.5
19083,0.5
19085,0.6
19088,0.2
19099,0.7
19124,0.3
19127,0.3
19134,0.5
19141,0.1
19146,0.3
19150,0.2
19159,0.5
19165,0.2
19169,0.5
19170,0.0
19176,0.7
19187,0.7
19189,0.7
19192,0.7
19202,0.6
19208,0.3
19209,0.4
19210,0.6
19216,0.6
19217,0.5
19218,0.3
19223,0.5
19224,0.4
19225,0.2
19228,0.1
19240,0.2
19246,0.1
19266,0.6
19269,0.5
19274,0.3
19275,0.5
19287,0.4
19298,0.3
19303,0.4
19306,0.8
19313,0.3
19325,0.5
19326,0.4
19328,0.7
19330,0.3
19339,0.0
19340,0.4
19342,0.6
19343,0.5
19344,0.5
19348,0.7666666666666666
19350,0.4
19357,0.5
19361,0.3
19363,0.4
19364,0.3
19371,0.5
19376,0.6
19377,0.3
19381,0.5
19384,0.2
19390,0.5
19402,0.1
19405,0.6
19409,0.4
19418,0.2
19429,0.35
19433,0.6
19446,0.5
19458,0.4
19460,0.2
19462,0.0
19465,0.5
19471,0.5
19472,0.9
19478,0.4
19480,0.6
19487,0.3
19495,0.2
19497,1.0
19500,0.4
19503,0.6
19507,0.4
19517,0.4
19533,0.2
19537,0.4
19541,0.3
19561,0.6
19563,0.2
19566,0.5
19568,0.4
19576,0.4
19577,0.4
19578,0.4
19591,0.5
19597,0.3
19619,0.3
19622,0.7
19623,0.5
19624,0.3
19627,0.6
19629,0.5
19633,0.4
19639,0.2
19641,0.3
19643,0.5
19646,0.4
19649,0.6
19652,0.3
19657,0.7
19659,0.7
19660,0.5
19668,0.7
19678,0.8
19686,0.6
19690,0.2
19694,0.4
19695,0.3
19701,0.7
19702,0.5
19712,0.6974025974025974
19720,0.9
19730,0.3
19731,0.5
19735,0.5
19739,0.6
19740,0.3
19743,0.4
19750,0.4
19752,0.3
19754,0.1
19762,0.6
19770,0.5
19775,0.0
19777,0.7
19782,0.3
19783,0.9
19786,0.4
19805,0.5
19808,1.0
19810,0.4
19819,0.5
19821,0.5
19827,0.7
19830,0.4
19832,0.3
19833,0.3
19834,0.4
19843,0.9
19844,0.6
19846,0.3
19847,0.5
19849,0.4
19850,0.7
19851,0.5
19861,0.6
19864,1.0
19866,0.6
19873,0.4
19878,0.3
19886,0.7
19892,0.5
19893,0.3
19901,0.2
19902,0.33333333333333337
19920,0.2
19921,0.3
19922,0.5
19929,0.8
19932,0.7
19935,0.3
19936,0.2
19940,0.4
19946,0.2
19950,0.6
19952,0.3
19955,0.7
19970,0.3
19976,0.3
19983,0.4
19984,0.5
19987,0.2
19991,0.3
19994,0.275
19996,0.3
20007,0.2
20015,0.3
20019,0.6
20021,0.7
20023,0.3
20025,0.7833333333333333
20034,0.4
20036,0.8
20038,0.1
20039,0.6
20040,0.2
20045,0.6
20046,0.5
20048,0.7
20060,0.7
20062,0.6
20065,0.3
20068,0.1
20074,0.4
20087,0.7
20097,0.5
20111,0.2
20117,0.4
20125,0.3
20129,0.3
20134,0.4
20135,0.2
20139,0.6
20142,0.8
20147,0.8
20154,0.4
20157,0.4
20158,0.3
20162,0.6
20169,0.1
20179,0.3
20202,0.5
20207,0.6
20215,0.7
20216,0.55
20217,0.7
20218,0.4
20219,0.6
20226,0.4
20236,0.1
20239,0.3
20246,0.2
20247,0.6
20253,0.6
20255,0.4
20268,0.5
20270,0.6
20271,0.3
20279,0.6
20280,0.5
20282,0.6
20283,0.8
20295,0.5
20302,0.3
20305,0.2
20306,0.3
20308,0.3
20309,0.4
20311,0.4
20324,0.3
20330,0.2
20335,0.7
20344,0.7
20349,0.9
20356,0.4
20358,0.3
20360,0.9
20362,0.6
20378,0.5
20391,0.4
20394,0.5
20397,0.8
20403,0.2
20405,0.4
20415,0.4
20417,0.4
20420,0.3
20425,0.4
20430,0.8
20435,0.2
20443,0.3
20446,0.5
20458,0.4
20459,0.2
20462,0.8
20467,0.2
20470,0.5
20482,0.7
20489,0.6
20495,0.1
20496,0.3
20497,0.4
20505,0.5
20509,0.9
20520,0.6
20522,0.5
20535,0.5
20539,0.9
20544,0.6
20547,0.4
20554,0.3
20556,0.2
20557,0.5
20566,0.6
20568,0.7
20575,0.4
20577,0.4
20593,0.9
20596,0.2
20597,0.4
20602,0.6
20603,0.3
20609,0.3
20612,0.5
20618,0.2
20621,0.3
20628,0.2
20634,0.35
20637,0.4
20641,0.0
20642,0.8
20647,0.7
20655,0.6
20656,0.4
20661,0.5
20664,0.3
20674,0.6
20679,0.6
20680,0.4
20683,0.9
20687,0.9
20688,0.5
20693,0.1
20695,0.1
20696,0.3
20699,0.0
20701,0.5
20702,0.4
20704,0.2
20721,0.8
20725,0.4
20731,0.4
20737,0.2
20741,0.5
20742,0.3
20753,0.7
20756,0.2
20769,0.6
20771,0.9
20774,0.5
20777,0.6
20781,0.4
20792,0.1
20797,0.4
20808,0.4
20810,0.0
20813,0.4
20820,0.3
20823,0.9
20826,1.0
20829,0.8
20832,0.3
20833,0.4
20837,0.4
20838,0.3
20839,0.5
20840,0.0
20847,0.3
20856,0.3
20861,0.4
20863,0.5
20869,0.7
20875,0.1
20877,0.6
20889,0.6
20894,0.4
20901,0.6
20919,0.6
20923,0.4
20935,0.4
20937,0.2
20939,0.5666666666666667
20940,0.7
20943,0.3
20946,0.2
20949,0.6
20950,0.5
20958,0.8
20961,0.8
20965,0.7
20967,0.4
20969,0.2
20970,0.6
20974,0.8
20975,0.3
20987,0.2
20995,0.2
20996,0.3
20998,0.5
21002,0.3
21012,0.4
21013,0.5
21014,0.7
21015,0.4
21017,0.7
21020,0.6
21028,0.4
21031,0.3
21036,0.3
21039,0.5
21040,0.6
21048,0.7
21049,0.4
21051,0.3
21054,0.6
21061,0.7
21070,0.4
21072,0.8
21079,0.6
21088,0.6
21090,0.0
21091,0.6
21093,0.5
21104,0.5
21114,0.6
21117,0.3
21120,0.3
21121,0.5
21132,0.2
21136,0.8
21139,0.6
21140,0.5
21146,0.6
21150,0.4
21164,0.8
21177,0.9
21178,1.0
21180,0.8
21198,0.1
21203,0.5
21210,0.4
21217,0.2
21218,0.7
21220,0.2
21222,0.1
21228,1.0
21236,0.4
21239,0.3
21247,0.3
21260,0.2
21265,0.6
21267,0.4
21271,0.0
21279,0.7
21286,0.4
21288,0.6
21294,0.4
21298,0.7
21299,0.8
21300,0.3
21304,0.3
21306,0.4
21307,0.3
21309,0.3
21311,0.5
21326,0.4
21331,0.4
21332,0.6
21342,0.5
21345,0.5
21348,1.0
21353,0.4
21357,0.3
21358,0.1
21369,0.5
21370,0.6
21371,0.3
21373,0.1
21385,0.3
21392,0.5
21401,0.1
21403,0.5
21406,0.7
21413,0.8
21414,0.6
21416,0.9
21423,0.5
21427,0.4
21442,0.5
21443,0.3
21448,0.4
21452,0.1
21459,0.4
21463,0.4
21467,0.3
21474,0.4
21484,0.36666666666666664
21488,0.6
21495,0.6
21498,0.3
21502,0.4
21503,0.4
21510,0.4
21513,0.5
21516,0.6
21533,0.8
21535,0.7
21539,0.2
21541,0.2
21544,0.6
21554,0.7
21562,0.2
21569,0.6
21572,0.6
21578,0.5
21579,0.4
21580,0.6
21584,0.5
21589,0.8400000000000001
21594,0.6
21595,0.4
21598,0.4
21599,0.2
21606,0.7
21623,0.8
21630,0.5
21639,0.5
21641,0.5
21645,0.0
21647,0.2
21648,0.5
21657,0.5
21671,0.8
21673,0.3
21677,0.2
21678,0.5
21688,0.8
21696,0.2
21699,0.3
21700,0.2
21703,0.4
21710,0.8
21721,0.2
21727,0.3
21728,0.3
21731,0.5
21741,0.8
21743,0.1
21744,0.3
21748,0.6
21750,0.2
21753,0.1
21756,0.8
21763,0.5
21767,0.4
21768,0.3
21772,0.7
21774,0.7
21775,0.2
21780,0.4
21786,0.2
21787,0.4
21805,0.3
21828,0.4
21831,0.3
21837,0.5
21842,0.6
21846,0.1
21849,0.2
21856,0.5
21858,0.9
21862,0.6
21864,0.3
21867,0.2
21879,0.8
21881,0.2
21883,0.1
21885,0.0
21891,0.6
21892,0.2
21902,0.6
21909,0.6
21910,0.1
21914,0.4
21918,0.3
21919,0.6
21922,0.4
21926,0.7
21930,0.3
21931,0.6
21934,0.2
21940,0.5
21945,0.5
21948,0.6
21953,0.3
21954,0.5
21956,0.2
21963,0.65
21970,0.3
21971,0.2
21981,0.5
21984,0.5
21990,0.4
21997,0.4
21999,0.5
22001,0.5
22002,0.5
22010,0.2
22013,0.4
22022,0.2
22024,0.3
22028,0.3
22029,0.6666666666666666
22042,0.4
22045,0.3
22049,0.3
22050,0.3
22059,0.6
22064,0.4
22067,0.4
22069,0.8
22074,0.7
22082,0.3
22084,0.5
22090,0.8
22096,0.6
22100,0.1
22105,0.2
22106,0.2
22119,0.5
22126,0.5
22130,0.3
22152,0.5
22155,0.5
22160,0.8
22164,0.4
22170,0.4
22173,0.6
22177,0.5
22186,0.2
22193,0.3
22194,0.4
22195,0.5
22198,0.6
22199,0.4
22206,0.4
22208,0.5
22209,0.2
22210,1.0
22217,0.3
22220,0.2
22222,0.4
22232,0.2
22244,0.5
22245,0.3
22250,0.6
22256,0.3
22261,0.8
22264,0.2
22270,0.5
22279,0.8
22280,0.4
22284,0.2
22288,0.3
22293,0.8
22297,0.8
22302,0.1
22307,0.8
22310,0.1
22316,0.0
22319,0.6
22324,0.4
22326,0.5
22327,0.3
22329,0.0
22331,0.5
22340,0.6
22342,0.4
22347,0.3
22351,0.5
22357,0.7
22358,0.5
22361,0.1
22362,0.7
22365,0.5
22371,0.5
22373,0.7
22391,0.4
22404,0.8
22409,0.2
22411,0.6
22424,0.6
22428,0.7
22436,0.3
22444,0.6
22445,0.6
22451,0.5
22452,0.3
22456,0.3
22463,0.7
22464,0.2
22467,0.8
22472,0.8
22485,0.4
22488,0.1
22491,0.4
22497,0.3
22504,1.0
22505,0.2
22508,0.5
22516,0.1
22522,0.5
22527,0.3
22543,0.1
22549,0.1
22550,0.6
22551,0.6
22557,0.2
22562,0.1
22565,0.7
22567,0.4
22572,0.3
22575,0.7
22578,0.5
22579,0.5
22580,0.2
22581,0.4
22591,0.5
22593,0.4
22597,0.1
22600,0.8
22602,0.5
22603,0.2
22616,0.6
22617,0.1
22622,0.1
22623,0.6
22624,0.6
22628,0.3
22634,0.3
22640,0.2
22641,0.7
22653,0.4
22660,0.2
22672,0.6
22674,0.4
22689,0.5
22694,0.325
22698,0.4
22705,0.4
22709,0.8
22711,0.7
22714,0.4
22715,0.5
22729,0.5
22730,0.5
22733,0.7
22748,0.7
22750,0.4
22754,0.3
22756,0.1
22758,0.1
22767,0.5
22768,0.2
22769,0.7
22776,0.2
22778,0.4
22780,0.7
22782,0.2
22789,0.7
22797,0.6
22799,0.8
22804,0.3
22814,0.3
22818,0.3
22821,0.4
22823,0.6
22831,0.3
22841,0.2
22847,0.4
22848,0.2
22860,0.4
22862,0.5
22869,0.4
22875,0.7
22877,0.2
22887,0.4
22892,0.2
22899,0.4
22900,0.4
22901,0.1
22907,1.0
22909,0.35
22916,0.7
22919,0.3
22922,0.5
22926,0.3
22927,0.4
22928,0.6
22930,0.2
22931,0.3
22934,0.6
22937,0.5
22939,0.65
22949,0.5
22951,0.7
22955,0.5
22956,0.3
22965,0.9
22966,0.7
22968,0.6738095238095239
22972,0.8066666666666666
22975,0.9
22978,0.5
22981,0.6
22988,0.8666666666666668
22994,0.2
22996,0.8
22997,0.8
23003,0.2
23011,0.6523809523809524
23016,0.4
23028,0.8142857142857143
23029,0.2
23031,0.2
23035,0.2
23038,0.9
23042,0.85
23049,0.4
23051,0.95
23053,0.0
23057,0.7
23058,0.95
23063,0.7
23064,0.4
23067,0.7
23071,0.5
23075,0.3
23077,0.6
23082,0.3
23090,0.4
23091,0.3
23094,0.5
23097,0.5
23103,0.2
23107,0.6
23117,0.4
23120,0.8
23122,0.2
23124,0.4
23126,0.3879761904761905
23129,0.7
23136,0.8933333333333333
23141,0.2
23142,0.5
23147,0.5
23154,0.65
23159,0.8
23162,0.3
23165,0.7
23171,0.7
23173,0.0
23175,0.3
23179,0.9
23182,0.3
23185,0.9357142857142857
23188,0.6
23189,0.2
23191,0.9
23209,0.4
23214,0.3879761904761905
23215,0.6
23221,0.2
23228,0.26666666666666666
23233,0.3
23241,1.0
23252,0.3
23255,0.2
23257,0.4
23263,0.3
23267,0.7
23281,0.9
23282,0.3
23289,0.4
23292,0.7
23295,0.1
23296,0.2
23297,0.3
23301,0.5
23302,0.8
23304,0.6
23309,0.4
23312,0.3
23316,0.4
23321,0.6
23334,0.675
23342,0.1
23344,0.4
23350,0.4
23351,0.5
23367,0.3
23368,0.4
23374,0.3
23378,0.3
23385,0.4
23387,0.5
23388,0.5
23389,0.42523809523809525
23399,0.5
23403,0.4
23406,0.9666666666666666
23408,0.5
23414,0.5
23415,0.5
23419,0.0
23436,0.2
23439,0.7666666666666667
23444,0.95
23445,0.6
23448,0.3
23450,0.2
23455,0.4
23469,0.4
23472,0.2
23477,0.4
23478,0.3
23479,0.7
23481,0.9
23487,0.5
23490,0.2
23491,0.2
23492,0.6
23494,0.6
23496,0.5
23497,0.2
23506,0.7
23515,0.4
23528,0.2
23532,0.3
23548,0.9
23549,0.5
23551,0.4
23552,0.4
23555,0.6
23556,0.4
23559,0.3
23564,0.8
23583,0.4
23592,0.25
23597,0.9
23601,0.2
23605,0.9
23615,0.4
23616,0.6
23619,0.5
23621,0.85
23622,0.4
23626,0.5
23635,0.9
23637,0.5
23640,0.4
23644,0.6
23646,0.2
23655,0.7
23672,0.3
23673,0.9
23682,0.1
23683,0.725
23699,0.3
23702,0.2
23704,0.6523809523809524
23706,0.2
23707,0.7
23713,0.5
23714,0.1
23716,0.6366666666666667
23718,0.2
23721,0.5
23727,0.7
23735,0.4
23737,0.6
23744,0.5
23749,1.0
23755,0.4
23769,0.5
23772,1.0
23773,0.3
23774,0.8
23779,0.3
23780,0.7571428571428571
23782,0.8
23793,0.8
23795,0.4
23797,0.4
23803,0.8
23815,0.9
23828,1.0
23830,0.7
23831,0.8
23833,0.8333333333333333
23834,0.2
23844,0.5
23845,0.6631709956709957
23852,0.3
23855,0.9
23857,0.2
23867,0.7
23872,0.4
23874,0.95
23880,0.1
23883,0.8
23886,0.4
23898,0.1
23900,0.1
23903,0.3
23904,0.1
23907,0.9
23908,0.8
23912,0.0
23916,0.3
23917,0.85
23918,0.3
23922,0.2
23928,0.8
23940,0.9400000000000001
23944,0.3
23945,0.9
23947,0.4
23951,0.2
23956,0.9
23962,1.0
23966,0.5
23970,0.4
23971,0.6
23976,0.8636363636363636
23980,0.3
23987,0.775
23988,0.4
23993,0.6
23997,0.3
23998,0.1
23999,0.8
24010,0.75
24015,0.75
24023,0.3
24026,0.2
24027,0.9
24033,0.3
24046,0.5
24060,0.2
24062,0.7
24065,0.85
24067,0.9
24070,0.9400000000000001
24071,0.0
24073,0.4
24079,0.9
24082,0.775
24084,0.3
24089,0.3
24094,0.7
24096,0.2
24100,0.6
24105,0.0
24106,0.4
24108,0.5916666666666666
24111,0.55
24117,1.0
24120,0.4
24125,0.1
24134,0.7166666666666667
24140,0.2
24151,0.4
24153,0.0
24154,0.440952380952381
24156,0.15
24161,0.2
24162,1.0
24165,0.2
24166,0.1
24170,0.3879761904761905
24173,0.6100000000000001
24176,0.1
24181,0.1
24182,0.5666666666666667
24187,0.5
24188,0.3
24190,0.2
24201,0.3
24211,0.2
24215,0.6
24216,0.9
24219,0.2
24221,0.7833333333333333
24222,1.0
24238,0.4
24240,0.45
24243,0.6
24245,0.4
24247,0.5
24251,0.3
24256,0.5
24258,0.2
24261,0.3
24263,0.5
24264,0.2
24266,0.2
24273,0.2
24278,0.3
24289,0.7000000000000001
24292,0.5
24293,0.5
24298,0.7383333333333334
24299,0.2
24303,0.2
24304,0.5
24305,0.3
24323,0.6
24329,0.6
24341,0.6
24345,0.875
24350,0.3
24353,0.6
24358,0.55
24361,0.2
24364,0.5
24367,0.3
24370,0.8
24377,0.2
24380,0.2
24381,0.1
24387,0.2
24390,0.6
24391,0.1
24408,0.4
24409,1.0
24413,0.5
24416,0.4
24427,0.6
24434,0.2
24439,0.1
24443,0.8
24448,0.5
24454,0.9
24455,0.0
24461,0.4
24463,0.3
24464,0.7
24468,0.3
24469,0.3
24499,1.0
24501,0.3
24508,0.7
24517,0.0
24519,0.3
24520,1.0
24538,0.13999999999999999
24540,0.3
24550,0.6
24552,0.3
24561,0.6
24577,0.24
24579,0.6
24580,0.5
24582,0.8
24590,0.0
24591,0.6
24592,0.5
24599,0.5
24602,0.4
24606,0.4
24611,0.6
24612,0.3
24617,0.1
24619,0.4
24623,1.0
24630,0.3
24633,0.9333333333333333
24634,0.5
24635,0.5
24638,0.2
24641,0.6
24643,0.7
24644,0.6
24645,0.8
24649,0.3
24650,0.6
24652,0.9
24655,0.1
24656,0.4
24661,0.2
24663,0.3
24667,0.1
24669,0.0
24670,0.3
24682,0.3
24695,0.4
24698,0.3
24699,0.9
24702,0.7
24703,0.6333333333333333
24710,0.5
24717,0.3
24724,0.7
24728,0.4
24731,0.3
24737,0.3
24740,0.6
24743,0.3
24744,1.0
24755,0.5333333333333334
24757,0.2
24761,0.4
24765,0.9333333333333332
24766,0.1
24776,0.7
24787,0.2
24789,0.6
24791,0.3
24792,0.3
24804,0.0
24807,0.5
24812,0.2
24816,0.3
24817,0.2
24820,0.4
24828,0.6
24831,0.3
24832,0.6
24836,0.4
24842,0.5666666666666667
24846,0.8
24847,0.3
24848,1.0
24851,0.6
24855,0.0
24856,0.4
24871,0.7666666666666666
24873,0.6
24874,0.6
24877,0.8
24885,0.2
24889,0.5
24892,0.2
24897,0.4
24899,0.35
24908,0.3
24913,0.4
24918,0.16666666666666666
24923,0.4
24933,0.1
24936,0.0
24948,0.4
24951,1.0
24969,0.5
24971,0.6
24973,0.8
24993,1.0
24996,0.2
24998,1.0
25000,0.9
25001,0.9
25002,0.3
25003,1.0
25009,0.5
25024,0.4
25026,0.3
25027,0.4916666666666667
25030,0.9
25034,0.5
25037,0.6
25038,0.5
25043,0.765
25050,0.4
25055,0.5
25057,0.2
25067,0.5
25072,0.3
25075,0.5
25079,0.7
25081,0.2
25085,0.6
25086,0.1
25093,0.5
25097,0.2
25103,0.4
25104,0.8
25109,0.1
25112,0.1
25113,0.4
25114,0.4
25119,0.3
25121,0.5
25122,0.9
25124,0.45
25131,0.4
25134,0.1
25140,0.4
25141,0.4
25144,0.7
25147,0.24
25148,0.16666666666666666
25149,0.3
25155,0.8
25169,0.4
25177,0.16666666666666666
25178,0.5
25179,0.5
25180,0.1
25191,0.5
25199,0.6
25232,0.6
25241,0.2
25242,0.7
25243,0.5
25246,0.4
25259,0.6333333333333333
25263,0.6
25265,1.0
25278,0.75
25280,0.3
25281,0.3
25284,0.5
25286,0.4
25288,0.9
25318,0.05
25330,1.0
25333,0.3
25337,0.0
25339,0.1
25340,0.5083333333333333
25346,0.4
25349,0.1
25351,0.7
25353,0.3
25361,0.6
25364,0.4
25366,0.5
25368,0.9
25369,0.1
25370,0.705
25375,0.0
25376,1.0
25377,0.5
25379,0.6
25382,0.1
25386,0.8666666666666666
25389,1.0
25399,0.4
25400,0.8
25401,0.5
25407,0.4
25409,0.4
25412,0.6
25416,0.5
25418,0.3
25423,0.2
25428,0.404481351981352
25436,0.2
25439,0.3
25442,0.1
25445,1.0
25446,0.4
25453,0.6
25456,0.4
25458,0.5333333333333333
25460,0.6
25461,0.2
25468,0.2
25469,0.2
25470,0.1
25471,0.8
25475,0.7
25480,0.0
25482,1.0
25501,0.38333333333333336
25504,0.9
25511,0.0
25515,0.3
25516,0.2
25518,0.4
25528,0.6
25531,0.7
25533,0.1
25543,0.5
25548,0.2
25553,0.9
25564,0.3
25571,0.7
25572,0.835
25576,0.2
25577,0.6
25587,0.4
25588,0.2
25591,0.6
25596,0.7
25598,0.3
25607,0.7
25611,0.9
25617,0.1
25618,0.7
25620,0.4
25621,0.2
25623,0.2
25626,0.4
25628,0.5
25633,0.9
25637,0.3
25644,0.5
25651,0.3
25662,0.2
25663,0.6
25673,0.7
25678,0.3
25685,0.4
25688,0.3
25691,0.5
25702,0.7
25706,0.4
25707,0.6
25710,0.7
25719,0.4666666666666666
25723,0.4
25725,0.7
25731,0.1
25732,0.6
25735,0.2
25740,0.3
25759,0.2
25761,0.3
25769,0.2
25772,0.5
25774,0.5
25779,0.9800000000000001
25781,0.4
25784,0.8
25790,0.3879761904761905
25796,0.3
25803,0.2
25806,0.6
25816,0.3
25830,0.4
25847,0.4
25850,0.3
25852,0.4
25856,0.2
25861,0.3
25866,0.4
25867,0.1
25868,0.6
25869,1.0
25877,0.6
25878,0.3
25890,1.0
25898,0.9
25899,0.4
25906,1.0
25907,1.0
25913,0.5
25915,1.0
25928,0.3
25932,0.9
25934,0.8233333333333335
25938,0.7
25939,0.4
25946,0.6
25951,0.9
25959,0.9
25961,0.7
25964,1.0
25969,0.4
25978,0.3
25980,0.2
25986,0.6
25992,0.4
25998,0.1
26000,1.0
26002,0.7
26006,0.8
26009,0.3
26016,0.2
26023,0.3333333333333333
26038,0.85
26041,0.6
26043,0.3
26050,0.3
26051,0.4
26053,0.5
26057,0.3
26060,0.2
26062,0.4
26064,0.2
26067,0.25
26068,0.2
26072,0.7
26074,0.4
26075,0.6
26081,0.31666666666666665
26108,0.7
26112,0.5
26113,0.4
26115,0.5
26122,0.4
26135,0.3
26136,0.9
26139,0.0
26147,0.2
26155,0.2
26162,0.1
26165,0.6
26173,0.4
26177,0.6833333333333333
26179,0.4
26184,0.3
26190,0.7
26204,0.6
26205,0.0
26212,0.2
26215,0.4
26223,0.4
26227,0.7
26232,0.7
26237,1.0
26243,0.25
26246,0.3
26248,0.7
26249,0.2
26260,0.2
26263,0.3
26267,0.45
26269,0.7
26271,0.5
26273,0.4
26282,0.8
26286,0.9
26297,0.3
26306,0.4
26309,0.6
26313,0.5
26319,0.4
26329,0.4
26330,0.5
26333,0.3
26337,0.6
26341,0.7
26361,0.32
26365,0.3
26366,0.7
26367,0.7
26376,0.6
26378,0.9
26382,0.4
26386,0.6
26389,0.5
26391,0.7
26400,0.3
26401,0.3
26407,0.3
26415,0.3
26419,0.5
26421,0.8
26422,0.4
26423,0.6
26424,0.3833333333333333
26441,0.7
26442,0.3
26444,0.6
26446,0.3
26447,0.2
26448,0.4
26451,0.7
26459,0.1
26465,0.2
26466,1.0
26474,0.8
26476,0.4
26481,0.3
26487,0.6386904761904761
26501,0.3
26503,0.6
26513,0.5
26517,0.7
26527,0.7
26534,0.5
26535,0.5
26545,0.4
26550,0.6
26558,0.8
26571,0.9
26572,0.5
26573,0.6
26575,0.5
26578,0.1
26583,0.41
26584,0.2583333333333333
26590,0.5
26593,0.5
26602,0.6
26606,0.6
26608,0.8
26613,0.8
26615,0.5
26616,0.6
26618,0.2
26619,0.4
26628,0.8
26630,0.4
26635,0.3
26645,0.1
26648,0.2
26651,0.2
26653,0.4
26660,0.6
26663,0.6
26664,0.7
26665,0.2
26667,0.3
26673,0.5
26675,0.3
26676,0.5
26677,0.4
26679,0.2
26687,0.6
26689,0.7
26697,0.8
26732,0.3
26737,0.8
26747,0.7
26748,0.6
26749,0.8
26754,0.3
26759,0.5
26760,0.4
26765,0.4
26769,0.5
26771,0.4
26776,0.3
26778,0.3
26780,0.4
26783,0.3
26785,0.6
26800,0.3
26804,0.4
26812,0.2
26816,0.4
26823,0.8
26830,0.5
26834,0.3
26836,0.4
26841,0.4
26845,0.5
26849,0.4
26854,0.2
26858,0.3
26860,0.1
26866,0.5
26871,0.4
26873,0.45
26891,0.3
26905,0.5
26907,0.6
26920,0.5
26924,0.4
26930,0.5
26941,0.3
26942,0.0
26944,0.2
26949,0.4
26952,0.9
26956,0.7
26973,0.3
26977,0.7
26989,0.8
26993,0.2
26997,0.6
26999,0.5
27013,0.1
27021,0.5
27023,0.3
27025,0.0
27027,0.6
27031,0.7
27032,0.6
27034,0.4
27036,0.3
27045,0.5
27050,0.4
27051,0.5
27055,0.6
27056,0.8
27057,0.2
27060,0.5
27061,0.8
27066,0.5
27070,0.7
27073,0.3
27077,0.5
27085,0.7
27086,0.7
27099,0.32
27105,0.2
27109,0.4
27125,0.4
27135,0.8
27139,0.3
27140,0.7666666666666666
27141,0.4
27142,0.4
27144,0.5
27148,0.9
27154,0.7
27160,0.3
27162,0.65
27175,0.7
27176,0.4
27177,0.1
27178,0.6
27197,0.4
27201,0.8
27204,0.5
27205,0.7
27206,0.4
27207,0.3
27208,0.5
27216,0.5
27224,0.3
27230,0.6
27234,0.5
27238,0.3
27241,0.6
27249,0.9
27251,0.1
27252,0.4
27256,0.7
27257,1.0
27263,0.6
27268,0.8
27269,0.6
27271,0.2
27276,0.5
27279,0.8
27288,0.6285714285714286
27295,0.2
27299,0.6
27302,0.7
27304,0.2
27316,0.5
27318,0.4
27330,0.4
27333,0.7
27335,0.8
27336,0.1
27339,0.4
27341,0.9
27342,0.4
27345,0.6
27347,0.7
27354,0.5
27361,0.1
27375,0.8
27387,0.9
27390,0.36
27392,1.0
27399,0.4
27403,0.6
27410,0.6
27412,0.7
27413,0.3
27423,0.5
27427,0.4
27429,0.3
27432,0.5
27436,0.6
27437,0.6
27441,0.2
27444,0.4
27445,0.2
27448,0.3
27454,0.5
27455,0.6
27459,0.5
27465,0.3
27468,0.2
27477,0.2
27478,0.2
27479,0.5
27481,0.7
27483,0.3
27486,0.4
27498,0.2
27505,0.3
27507,0.4
27509,0.3
27514,0.3
27517,0.7
27527,0.7
27535,0.7
27544,0.3
27545,0.4
27556,0.8
27563,0.3
27565,0.9
27569,0.8
27584,0.1
27585,0.6
27589,0.2
27592,0.4
27600,0.4
27605,0.2
27608,0.8
27609,0.2
27611,0.7
27621,0.1
27626,0.8
27628,0.3
27629,0.8
27645,0.5
27651,0.2
27654,0.5
27656,0.4
27663,0.9
27667,0.6
27673,0.0
27677,0.6
27678,0.6
27680,0.4
27681,0.4
27684,0.3
27688,0.1
27696,0.2
27705,0.9
27706,0.4
27707,0.7
27709,0.5
27720,0.7
27722,0.4
27724,0.2
27733,0.5
27734,0.5
27739,0.4
27746,0.7
27748,0.2
27751,0.6
27755,0.6
27757,0.4
27777,0.3
27783,0.4
27795,0.3
27805,0.7
27810,0.2
27811,0.3
27815,0.3
27820,0.5
27823,0.1
27825,0.4
27830,0.3
27853,0.3
27855,0.1
27856,0.5
27865,0.6
27868,0.6
27873,0.6
27883,0.1
27885,0.9333333333333333
27887,0.6555555555555556
27890,0.05
27899,0.7
27921,0.8
27924,0.3
27927,0.3
27929,0.2
27932,0.2
27943,0.4
27945,0.6
27952,0.4
27957,0.7
27960,0.6
27966,0.4
27968,0.4
27980,0.4
27984,0.8
27993,0.6
27994,0.6
27995,0.2
28002,0.4
28004,0.4
28006,0.5
28015,0.2
28028,0.4
28042,0.7
28043,0.9
28055,1.0
28061,0.43166666666666664
28063,0.6
28077,0.4
28089,0.3
28090,0.7
28093,0.3
28095,0.3
28096,0.1
28098,0.9
28099,0.7
28110,0.3
28111,0.4
28115,0.6
28123,0.3
28125,0.4
28126,0.7
28129,0.8
28131,0.4
28139,0.4
28145,0.7
28146,0.5
28147,0.5
28153,0.3
28155,0.4
28160,0.5
28166,0.4
28167,0.9
28169,0.3
28176,0.4
28181,0.4
28184,0.5
28185,0.4
28187,0.6
28189,0.1
28193,0.3
28195,0.75
28203,0.4
28206,0.5
28209,0.1
28210,0.5
28211,0.7
28216,0.5
28223,0.1
28224,0.4
28231,0.5
28234,0.3
28235,0.3
28248,0.4
28250,0.2
28255,0.4
28266,0.7
28277,0.5
28286,0.4
28288,0.5
28289,0.5
28290,0.4
28296,0.1
28300,0.5
28306,0.1
28307,0.3
28309,0.5
28312,0.2
28323,0.6
28327,0.4
28336,0.3
28345,0.7
28355,0.8
28361,0.4
28362,0.6
28365,0.1
28371,0.5
28374,0.4
28377,0.6
28380,0.3
28381,0.6
28382,0.6
28385,0.6
28393,0.4
28394,0.3
28405,0.7
28413,0.2
28426,0.36666666666666664
28428,0.8
28429,0.7
28431,0.7
28442,0.7
28445,0.2
28448,0.5
28449,0.1
28457,0.6
28459,0.6
28462,0.7
28465,0.4
28470,0.5
28478,0.7
28490,0.4
28492,0.8
28499,0.2
28500,0.6
28504,0.7666666666666666
28506,0.5
28509,0.1
28513,0.3
28516,0.2
28519,0.9
28524,0.7
28526,0.5
28527,0.5
28528,0.8
28533,0.4
28547,0.7
28548,0.6
28551,0.5
28563,0.6
28564,0.3
28566,0.5
28568,0.2
28579,0.6
28580,0.5
28589,0.6
28590,0.7
28606,0.6
28610,0.5
28613,0.6
28615,0.3
28619,1.0
28629,0.0
28633,0.6
28635,0.3
28646,0.7
28648,0.2
28651,0.2
28660,0.85
28681,0.9
28683,0.4
28688,0.2
28693,0.4
28696,0.2
28703,0.6
28709,0.6
28712,0.3
28718,0.4
28719,0.5
28727,0.6
28730,0.5
28732,0.8099999999999999
28740,0.4
28747,0.7
28752,0.6
28757,0.9
28764,0.4
28765,0.3
28770,0.1
28772,0.9
28775,0.4
28783,0.7
28786,0.4
28796,0.3
28799,0.8
28806,0.5
28807,0.7
28815,0.6
28818,0.2
28820,0.2
28823,0.5
28824,0.4
28831,0.6
28834,0.4
28841,0.6
28845,0.5
28848,0.9
28850,0.7
28871,0.5
28880,0.7666666666666667
28882,0.3
28884,0.2
28904,0.5
28906,0.3
28907,0.7
28919,0.7
28920,0.3
28928,0.3
28935,0.1
28936,0.2
28945,0.2
28950,0.5
28957,0.4
28963,0.1
28974,0.3
28980,0.3
28988,0.4
28990,0.5
28999,0.5
29001,0.7
29004,0.1
29006,0.2
29012,0.3
29018,1.0
29027,0.2
29030,0.1
29032,0.6
29039,0.2
29043,0.7
29052,0.7
29056,0.7
29060,0.6
29064,0.3
29068,0.1
29069,0.5
29074,0.6
29076,0.2
29078,0.3
29081,0.4
29085,0.5
29088,0.8
29091,0.0
29092,0.5
29093,0.1
29094,0.2
29108,0.45499999999999996
29110,0.3
29114,0.6
29115,0.5
29118,0.3
29125,0.4
29127,0.6
29130,0.7
29140,0.7
29150,0.4
29152,0.3
29153,0.4
29155,0.3
29161,0.5
29165,0.5
29167,0.4
29173,0.5
29174,0.5
29180,0.2
29185,0.2
29190,0.4
29192,0.8
29193,0.7
29194,0.4
29199,0.3
29220,0.6
29231,0.3
29234,0.8
29237,0.5
29240,0.7
29247,0.6
29256,0.4
29275,0.7
29278,0.5
29280,0.5
29286,0.7
29288,0.4
29305,0.5
29327,0.6
29329,0.2
29331,0.3
29333,0.3
29335,0.4
29342,0.7
29344,0.5
29352,0.4
29353,0.3
29358,0.2
29360,0.7
29362,0.6
29373,0.0
29389,0.6
29392,0.4
29393,0.4
29395,0.5
29401,0.5
29403,0.4
29405,0.3
29410,0.6
29420,0.3
29423,0.6
29427,0.8
29429,0.5
29432,0.5
29440,0.9
29447,0.5
29448,0.1
29452,0.6
29455,0.4
29461,0.3
29466,0.5
29474,0.4
29476,0.1
29479,0.3
29486,0.2
29494,0.4
29497,0.8
29505,0.5
29511,1.0
29516,0.7
29522,0.3
29523,0.4
29524,0.3
29529,0.3
29532,0.4
29533,0.1
29535,0.5
29548,0.3
29551,0.3
29562,0.3
29563,0.2
29574,0.7
29575,0.4
29592,0.2
29599,0.8
29601,0.5
29608,0.4
29613,0.6
29620,0.4
29630,0.6
29637,0.3
29638,0.5
29643,0.7
29648,0.5
29651,0.7
29657,0.0
29659,0.7
29662,0.4
29663,0.3
29665,0.5
29671,0.1
29699,0.6
29700,0.4
29706,0.4
29715,0.5
29716,0.6
29717,0.5
29721,0.8
29731,0.6
29732,0.5
29735,0.3
29738,0.7
29739,0.3
29742,0.6
29747,0.5
29749,0.4
29754,1.0
29765,0.4
29773,0.3
29777,0.0
29779,0.4
29783,0.5
29786,0.9
29805,0.7
29808,0.3
29811,0.5
29812,0.1
29815,0.5
29819,0.7
29827,0.2
29833,0.4
29847,0.6
29854,0.5
29856,0.1
29859,0.6
29864,0.2
29865,0.6
29867,0.5
29879,0.5
29884,0.3
29885,0.4
29894,0.1
29897,0.8
29900,0.7
29910,0.2
29926,0.2
29928,0.7
29930,0.2
29935,0.5
29942,0.6
29951,0.8
29953,0.9
29962,0.4
29968,0.6
29970,0.3
29974,0.8
29980,0.6
29982,0.3
29987,0.2
29993,0.5
30001,0.2
30005,0.7
30015,0.7
30030,0.5
30034,0.2
30041,0.4
30044,0.5
30058,0.4
30061,0.7
30062,0.8
30064,0.8
30065,0.7
30069,0.4
30074,0.2
30076,0.3
30080,0.4
30086,0.7
30087,0.7
30092,0.3
30093,0.64
30096,0.2
30097,0.7
30098,0.3
30102,0.8285714285714285
30106,0.6
30108,0.9
30110,0.4
30111,0.7
30122,0.1
30128,0.4
30130,0.8
30131,0.3
30132,0.36666666666666664
30135,0.6
30137,0.4
30149,0.5
30157,0.6
30158,0.3
30162,0.3
30170,0.6
30174,0.7
30185,0.4
30195,0.25
30196,0.6
30204,0.8
30207,0.45
30209,0.6233333333333333
30212,0.6
30216,0.6
30221,0.7
30225,0.9
30229,0.3
30231,0.9
30232,0.5
30233,0.4
30237,0.3
30239,0.7
30242,0.7
30244,0.6
30249,0.3
30262,0.1
30265,0.3
30266,0.0
30281,0.5
30286,0.7
30292,0.3
30303,0.6
30320,0.5
30321,0.4
30322,0.2
30328,0.6
30355,0.2
30356,0.3
30372,0.4
30375,0.5
30376,0.2
30379,0.5
30384,0.5
30386,0.8
30387,0.1
30394,0.7
30395,0.6
30396,0.4
30397,0.0
30402,0.5
30405,0.5
30411,0.2
30413,0.1
30416,0.3
30420,0.7
30422,0.5
30432,0.3
30434,0.4
30438,0.4
30444,0.6
30446,0.75
30447,0.5
30455,0.2
30457,0.2
30459,0.4
30463,0.9
30468,0.3
30477,0.2
30478,0.4
30481,0.3
30482,0.2
30487,0.5
30491,0.4
30492,0.4
30496,0.8
30501,0.3
30506,0.3
30511,0.5
30513,0.1
30516,0.1
30520,0.3
30531,0.2
30542,0.775
30543,0.2
30555,0.3
30557,0.2
30568,0.3
30570,0.65
30581,0.3
30584,0.6
30591,0.5
30594,0.6
30614,0.2
30617,0.0
30618,0.4
30626,0.6
30630,0.2
30631,0.3
30632,0.8
30634,0.2
30636,0.5
30637,0.8
30639,0.5
30647,0.6
30649,0.4
30656,0.5
30660,0.3
30665,0.3
30669,0.5
30680,0.0
30681,0.05
30682,0.7
30683,0.6
30687,0.5
30688,0.7
30694,1.0
